RecordTimeStamp,CurrentSystemTick,JobsIdsList
1644423317,0,
1644423317,1,
1644423317,2,
1644423317,3,
1644423317,4,
1644423317,5,
1644423317,6,
1644423317,7,
1644423317,8,
1644423317,9,
1644423317,10,
1644423317,11,
1644423317,12,
1644423317,13,
1644423317,14,
1644423317,15,
1644423317,16,
1644423317,17,
1644423317,18,
1644423317,19,
1644423317,20,
1644423318,21,
1644423318,22,
1644423318,23,
1644423318,24,
1644423318,25,
1644423318,26,job11_scenario3_26,
1644423318,27,job11_scenario3_26,
1644423318,28,job11_scenario3_26,
1644423318,29,job11_scenario3_26,
1644423318,30,job11_scenario3_26,
1644423318,31,job11_scenario3_26,
1644423318,32,
1644423318,33,
1644423318,34,
1644423318,35,
1644423318,36,
1644423318,37,
1644423318,38,
1644423319,39,
1644423319,40,
1644423319,41,
1644423319,42,
1644423319,43,
1644423319,44,
1644423319,45,
1644423319,46,
1644423319,47,
1644423319,48,
1644423319,49,
1644423319,50,
1644423319,51,
1644423319,52,
1644423319,53,
1644423319,54,
1644423319,55,
1644423319,56,job23_scenario0_56,
1644423319,57,job23_scenario0_56,
1644423319,58,job23_scenario0_56,
1644423319,59,job23_scenario0_56,
1644423319,60,job23_scenario0_56,
1644423320,61,job23_scenario0_56,
1644423320,62,job23_scenario0_56,
1644423320,63,job23_scenario0_56,
1644423320,64,
1644423320,65,
1644423320,66,
1644423320,67,job29_scenario1_67,
1644423320,68,job29_scenario1_67,
1644423320,69,job29_scenario1_67,
1644423320,70,
1644423320,71,
1644423320,72,
1644423320,73,
1644423320,74,job32_scenario4_74,
1644423320,75,
1644423320,76,
1644423320,77,
1644423320,78,
1644423320,79,
1644423320,80,
1644423320,81,
1644423321,82,job37_scenario0_82,
1644423321,83,job37_scenario0_82,
1644423321,84,
1644423321,85,
1644423321,86,
1644423321,87,
1644423321,88,
1644423321,89,job41_scenario2_89,
1644423321,90,job41_scenario2_89,
1644423321,91,job41_scenario2_89,
1644423321,92,
1644423321,93,
1644423321,94,
1644423321,95,
1644423321,96,
1644423321,97,
1644423321,98,job47_scenario0_98,
1644423321,99,job47_scenario0_98,
1644423321,100,job47_scenario0_98,
1644423321,101,job47_scenario0_98,job49_scenario0_101,
1644423322,102,job47_scenario0_98,job49_scenario0_101,
1644423322,103,
1644423322,104,
1644423322,105,
1644423322,106,job51_scenario1_106,
1644423322,107,job51_scenario1_106,
1644423322,108,job51_scenario1_106,
1644423322,109,job51_scenario1_106,
1644423322,110,job51_scenario1_106,
1644423322,111,job51_scenario1_106,job55_scenario2_111,
1644423322,112,job51_scenario1_106,job55_scenario2_111,
1644423322,113,job51_scenario1_106,
1644423322,114,
1644423322,115,
1644423322,116,
1644423322,117,
1644423323,118,
1644423323,119,
1644423323,120,
1644423323,121,
1644423323,122,
1644423323,123,
1644423323,124,job63_scenario4_124,
1644423323,125,job63_scenario4_124,
1644423323,126,job63_scenario4_124,
1644423323,127,
1644423323,128,
1644423323,129,
1644423323,130,
1644423323,131,
1644423323,132,
1644423323,133,
1644423323,134,
1644423323,135,
1644423323,136,
1644423323,137,
1644423323,138,
1644423323,139,
1644423324,140,
1644423324,141,
1644423324,142,
1644423324,143,
1644423324,144,
1644423324,145,
1644423324,146,
1644423324,147,
1644423324,148,
1644423324,149,
1644423324,150,
1644423324,151,
1644423324,152,
1644423324,153,
1644423324,154,job74_scenario1_154,
1644423324,155,job74_scenario1_154,
1644423324,156,job74_scenario1_154,
1644423325,157,
1644423325,158,
1644423325,159,
1644423325,160,
1644423325,161,
1644423325,162,
1644423325,163,
1644423325,164,
1644423325,165,
1644423325,166,
1644423325,167,
1644423325,168,
1644423325,169,job80_scenario2_169,
1644423325,170,job80_scenario2_169,
1644423325,171,job80_scenario2_169,
1644423325,172,job80_scenario2_169,
1644423325,173,
1644423325,174,
1644423325,175,
1644423325,176,
1644423325,177,job84_scenario1_177,
1644423326,178,job84_scenario1_177,
1644423326,179,job86_scenario0_179,
1644423326,180,job86_scenario0_179,
1644423326,181,
1644423326,182,
1644423326,183,
1644423326,184,
1644423326,185,job89_scenario0_185,
1644423326,186,job89_scenario0_185,
1644423326,187,job89_scenario0_185,
1644423326,188,job89_scenario0_185,
1644423326,189,job89_scenario0_185,
1644423326,190,job89_scenario0_185,
1644423326,191,
1644423326,192,job91_scenario4_192,
1644423326,193,job91_scenario4_192,
1644423326,194,job91_scenario4_192,
1644423326,195,job91_scenario4_192,
1644423326,196,job91_scenario4_192,
1644423327,197,job95_scenario1_197,
1644423327,198,job95_scenario1_197,
1644423327,199,job95_scenario1_197,job97_scenario3_199,
1644423327,200,job95_scenario1_197,job97_scenario3_199,
1644423327,201,job95_scenario1_197,job97_scenario3_199,
1644423327,202,job97_scenario3_199,
1644423327,203,job97_scenario3_199,job100_scenario3_203,
1644423327,204,job97_scenario3_199,job100_scenario3_203,
1644423327,205,job97_scenario3_199,job100_scenario3_203,
1644423327,206,job100_scenario3_203,
1644423327,207,job100_scenario3_203,job103_scenario4_207,
1644423327,208,job100_scenario3_203,job103_scenario4_207,
1644423327,209,job100_scenario3_203,job103_scenario4_207,
1644423327,210,job100_scenario3_203,
1644423327,211,
1644423327,212,job105_scenario1_212,
1644423328,213,job105_scenario1_212,
1644423328,214,
1644423328,215,
1644423328,216,
1644423328,217,
1644423328,218,
1644423328,219,
1644423328,220,job109_scenario1_220,
1644423328,221,job109_scenario1_220,
1644423328,222,job109_scenario1_220,
1644423328,223,
1644423328,224,
1644423328,225,
1644423328,226,
1644423328,227,job112_scenario1_227,
1644423328,228,job112_scenario1_227,
1644423328,229,job112_scenario1_227,
1644423328,230,job112_scenario1_227,
1644423328,231,job112_scenario1_227,
1644423329,232,
1644423329,233,
1644423329,234,job116_scenario0_234,
1644423329,235,
1644423329,236,
1644423329,237,job118_scenario4_237,
1644423329,238,job118_scenario4_237,
1644423329,239,job118_scenario4_237,
1644423329,240,job118_scenario4_237,
1644423329,241,job118_scenario4_237,
1644423329,242,
1644423329,243,
1644423329,244,
1644423329,245,
1644423329,246,
1644423329,247,
1644423329,248,
1644423329,249,
1644423329,250,
1644423330,251,
1644423330,252,
1644423330,253,
1644423330,254,
1644423330,255,
1644423330,256,
1644423330,257,
1644423330,258,
1644423330,259,
1644423330,260,
1644423330,261,
1644423330,262,
1644423330,263,
1644423330,264,
1644423330,265,
1644423330,266,
1644423330,267,
1644423330,268,
1644423330,269,
1644423330,270,
1644423331,271,job131_scenario1_271,
1644423331,272,job131_scenario1_271,
1644423331,273,job131_scenario1_271,
1644423331,274,job131_scenario1_271,
1644423331,275,
1644423331,276,
1644423331,277,job134_scenario2_277,
1644423331,278,job134_scenario2_277,
1644423331,279,
1644423331,280,
1644423331,281,
1644423331,282,
1644423331,283,job136_scenario1_283,
1644423331,284,job136_scenario1_283,
1644423331,285,job136_scenario1_283,
1644423331,286,
1644423331,287,
1644423331,288,
1644423331,289,
1644423331,290,
1644423331,291,
1644423331,292,
1644423331,293,
1644423332,294,
1644423332,295,
1644423332,296,
1644423332,297,
1644423332,298,job147_scenario0_298,
1644423332,299,job147_scenario0_298,job148_scenario1_299,
1644423332,300,job147_scenario0_298,job148_scenario1_299,
1644423332,301,
1644423332,302,
1644423332,303,
1644423332,304,job150_scenario0_304,
1644423332,305,job150_scenario0_304,
1644423332,306,
1644423332,307,job152_scenario1_307,
1644423332,308,
1644423332,309,
1644423332,310,
1644423332,311,
1644423332,312,
1644423332,313,
1644423332,314,
1644423333,315,
1644423333,316,job156_scenario1_316,
1644423333,317,job156_scenario1_316,
1644423333,318,job156_scenario1_316,
1644423333,319,job156_scenario1_316,
1644423333,320,job156_scenario1_316,
1644423333,321,
1644423333,322,
1644423333,323,job160_scenario1_323,
1644423333,324,job160_scenario1_323,
1644423333,325,job160_scenario1_323,
1644423333,326,job160_scenario1_323,job163_scenario1_326,
1644423333,327,job160_scenario1_323,job163_scenario1_326,
1644423333,328,job160_scenario1_323,
1644423333,329,job160_scenario1_323,
1644423333,330,job160_scenario1_323,
1644423333,331,
1644423333,332,
1644423333,333,
1644423334,334,
1644423334,335,
1644423334,336,
1644423334,337,
1644423334,338,
1644423334,339,
1644423334,340,
1644423334,341,
1644423334,342,
1644423334,343,
1644423334,344,
1644423334,345,
1644423334,346,
1644423334,347,
1644423334,348,
1644423334,349,job173_scenario0_349,
1644423334,350,job173_scenario0_349,
1644423334,351,
1644423335,352,job176_scenario1_352,
1644423335,353,job176_scenario1_352,job177_scenario3_353,
1644423335,354,job176_scenario1_352,job177_scenario3_353,
1644423335,355,job178_scenario1_355,
1644423335,356,
1644423335,357,
1644423335,358,job181_scenario2_358,
1644423335,359,job182_scenario3_359,
1644423335,360,job182_scenario3_359,
1644423335,361,job182_scenario3_359,
1644423335,362,job182_scenario3_359,
1644423335,363,
1644423335,364,
1644423335,365,job186_scenario0_365,
1644423335,366,
1644423335,367,
1644423335,368,job189_scenario0_368,
1644423335,369,job189_scenario0_368,
1644423335,370,job189_scenario0_368,job190_scenario3_370,
1644423336,371,job190_scenario3_370,
1644423336,372,job190_scenario3_370,
1644423336,373,job190_scenario3_370,
1644423336,374,job190_scenario3_370,
1644423336,375,job190_scenario3_370,
1644423336,376,job190_scenario3_370,
1644423336,377,job192_scenario1_377,
1644423336,378,job192_scenario1_377,job193_scenario0_378,
1644423336,379,job192_scenario1_377,
1644423336,380,
1644423336,381,
1644423336,382,
1644423336,383,
1644423336,384,
1644423336,385,job196_scenario2_385,
1644423336,386,
1644423336,387,job198_scenario0_387,
1644423336,388,job199_scenario1_388,
1644423336,389,job199_scenario1_388,
1644423336,390,job199_scenario1_388,
1644423336,391,job199_scenario1_388,job201_scenario3_391,
1644423337,392,job199_scenario1_388,job201_scenario3_391,
1644423337,393,job199_scenario1_388,job201_scenario3_391,
1644423337,394,job199_scenario1_388,
1644423337,395,job199_scenario1_388,
1644423337,396,job199_scenario1_388,
1644423337,397,job199_scenario1_388,
1644423337,398,job199_scenario1_388,
1644423338,399,
1644423338,400,
1644423338,401,job205_scenario1_401,
1644423338,402,job206_scenario1_402,
1644423338,403,job206_scenario1_402,
1644423338,404,job206_scenario1_402,
1644423338,405,
1644423338,406,
1644423338,407,
1644423338,408,job209_scenario1_408,
1644423338,409,job209_scenario1_408,
1644423338,410,job209_scenario1_408,job210_scenario1_410,
1644423338,411,job209_scenario1_408,job210_scenario1_410,
1644423338,412,
1644423338,413,
1644423338,414,
1644423338,415,
1644423338,416,
1644423338,417,
1644423339,418,
1644423339,419,
1644423339,420,
1644423339,421,
1644423339,422,
1644423339,423,
1644423339,424,
1644423339,425,
1644423339,426,
1644423339,427,
1644423339,428,
1644423339,429,
1644423339,430,
1644423339,431,
1644423339,432,
1644423339,433,
1644423339,434,
1644423339,435,
1644423339,436,
1644423340,437,
1644423340,438,
1644423340,439,
1644423340,440,
1644423340,441,
1644423340,442,
1644423340,443,
1644423340,444,
1644423340,445,
1644423340,446,
1644423340,447,
1644423340,448,
1644423340,449,
1644423340,450,
1644423340,451,
1644423340,452,
1644423340,453,
1644423340,454,
1644423340,455,
1644423340,456,
1644423340,457,
1644423340,458,
1644423340,459,
1644423340,460,
1644423341,461,
1644423341,462,job233_scenario0_462,
1644423341,463,job233_scenario0_462,
1644423341,464,
1644423341,465,
1644423341,466,
1644423341,467,
1644423341,468,
1644423341,469,
1644423341,470,
1644423341,471,
1644423341,472,
1644423341,473,
1644423341,474,
1644423341,475,
1644423341,476,
1644423342,477,
1644423342,478,job241_scenario0_478,
1644423342,479,job241_scenario0_478,
1644423342,480,job241_scenario0_478,
1644423342,481,job241_scenario0_478,
1644423342,482,job241_scenario0_478,
1644423342,483,
1644423342,484,
1644423342,485,
1644423342,486,job246_scenario2_486,
1644423342,487,job246_scenario2_486,
1644423342,488,
1644423342,489,job249_scenario1_489,
1644423342,490,job249_scenario1_489,
1644423342,491,job249_scenario1_489,
1644423342,492,job249_scenario1_489,
1644423342,493,job249_scenario1_489,job251_scenario2_493,
1644423342,494,job249_scenario1_489,job251_scenario2_493,
1644423343,495,job251_scenario2_493,
1644423343,496,job251_scenario2_493,
1644423343,497,job251_scenario2_493,
1644423343,498,job254_scenario3_498,
1644423343,499,job254_scenario3_498,
1644423343,500,job254_scenario3_498,
1644423343,501,job254_scenario3_498,
1644423343,502,
1644423343,503,
1644423343,504,
1644423343,505,
1644423343,506,
1644423343,507,
1644423343,508,job259_scenario1_508,
1644423343,509,job259_scenario1_508,job260_scenario1_509,
1644423343,510,job260_scenario1_509,
1644423343,511,job260_scenario1_509,
1644423343,512,
1644423344,513,
1644423344,514,
1644423344,515,
1644423344,516,job264_scenario1_516,
1644423344,517,job264_scenario1_516,
1644423344,518,job264_scenario1_516,
1644423344,519,
1644423344,520,
1644423344,521,
1644423344,522,job267_scenario0_522,
1644423344,523,
1644423344,524,
1644423344,525,
1644423344,526,job269_scenario1_526,
1644423344,527,job269_scenario1_526,
1644423344,528,job270_scenario0_528,
1644423344,529,job270_scenario0_528,
1644423344,530,
1644423344,531,job272_scenario1_531,
1644423345,532,job272_scenario1_531,
1644423345,533,job272_scenario1_531,
1644423345,534,job272_scenario1_531,job274_scenario0_534,
1644423345,535,job272_scenario1_531,job274_scenario0_534,
1644423345,536,job274_scenario0_534,
1644423345,537,
1644423345,538,job278_scenario0_538,
1644423345,539,job278_scenario0_538,
1644423345,540,job278_scenario0_538,job279_scenario1_540,
1644423345,541,job278_scenario0_538,job279_scenario1_540,
1644423345,542,job278_scenario0_538,job279_scenario1_540,
1644423345,543,job278_scenario0_538,job279_scenario1_540,
1644423345,544,job279_scenario1_540,
1644423346,545,
1644423346,546,job283_scenario4_546,
1644423346,547,job283_scenario4_546,
1644423346,548,
1644423346,549,
1644423346,550,job286_scenario0_550,
1644423346,551,job286_scenario0_550,
1644423346,552,
1644423346,553,
1644423346,554,
1644423346,555,
1644423346,556,
1644423347,557,
1644423347,558,job289_scenario1_558,
1644423347,559,job289_scenario1_558,
1644423347,560,
1644423347,561,
1644423347,562,
1644423347,563,
1644423347,564,job294_scenario4_564,
1644423347,565,job294_scenario4_564,
1644423347,566,job294_scenario4_564,job295_scenario0_566,
1644423347,567,job295_scenario0_566,job296_scenario3_567,
1644423347,568,job295_scenario0_566,
1644423347,569,
1644423347,570,
1644423347,571,
1644423347,572,
1644423347,573,job299_scenario1_573,
1644423347,574,job300_scenario0_574,
1644423347,575,job300_scenario0_574,
1644423347,576,
1644423348,577,
1644423348,578,job302_scenario0_578,
1644423348,579,job302_scenario0_578,job303_scenario1_579,
1644423348,580,job302_scenario0_578,job303_scenario1_579,
1644423348,581,job302_scenario0_578,job303_scenario1_579,
1644423348,582,
1644423348,583,
1644423348,584,
1644423348,585,job307_scenario2_585,
1644423348,586,job307_scenario2_585,job308_scenario1_586,
1644423348,587,job307_scenario2_585,job308_scenario1_586,
1644423348,588,job307_scenario2_585,job308_scenario1_586,
1644423348,589,job307_scenario2_585,job308_scenario1_586,
1644423348,590,job307_scenario2_585,job308_scenario1_586,
1644423348,591,job307_scenario2_585,job308_scenario1_586,
1644423348,592,job308_scenario1_586,
1644423348,593,job308_scenario1_586,job311_scenario2_593,
1644423348,594,job308_scenario1_586,job311_scenario2_593,
1644423348,595,job308_scenario1_586,job311_scenario2_593,
1644423349,596,job308_scenario1_586,
1644423349,597,job308_scenario1_586,
1644423349,598,job308_scenario1_586,
1644423349,599,
1644423349,600,job315_scenario2_600,
1644423349,601,job315_scenario2_600,
1644423349,602,job317_scenario2_602,
1644423349,603,job317_scenario2_602,
1644423349,604,
1644423349,605,
1644423349,606,
1644423349,607,
1644423349,608,
1644423349,609,
1644423349,610,
1644423349,611,
1644423349,612,
1644423349,613,
1644423349,614,
1644423349,615,
1644423349,616,
1644423350,617,
1644423350,618,
1644423350,619,
1644423350,620,
1644423350,621,
1644423350,622,
1644423350,623,job327_scenario1_623,
1644423350,624,job327_scenario1_623,
1644423350,625,job328_scenario1_625,
1644423350,626,
1644423350,627,
1644423350,628,
1644423350,629,
1644423350,630,
1644423350,631,job331_scenario2_631,
1644423350,632,job331_scenario2_631,
1644423351,633,
1644423351,634,
1644423351,635,
1644423351,636,job335_scenario2_636,
1644423351,637,job335_scenario2_636,job336_scenario0_637,
1644423351,638,job336_scenario0_637,job337_scenario0_638,
1644423351,639,job336_scenario0_637,job337_scenario0_638,
1644423351,640,job336_scenario0_637,job337_scenario0_638,
1644423351,641,job336_scenario0_637,
1644423351,642,
1644423351,643,
1644423351,644,
1644423351,645,
1644423351,646,
1644423351,647,
1644423351,648,
1644423351,649,
1644423351,650,job342_scenario0_650,
1644423351,651,job342_scenario0_650,
1644423351,652,job342_scenario0_650,
1644423352,653,
1644423352,654,
1644423352,655,job346_scenario1_655,
1644423352,656,job346_scenario1_655,
1644423352,657,job346_scenario1_655,
1644423352,658,job346_scenario1_655,job347_scenario1_658,
1644423352,659,job347_scenario1_658,
1644423352,660,job347_scenario1_658,
1644423352,661,job347_scenario1_658,job350_scenario3_661,
1644423352,662,job347_scenario1_658,
1644423352,663,job351_scenario0_663,
1644423352,664,job352_scenario1_664,
1644423352,665,job352_scenario1_664,job353_scenario2_665,
1644423352,666,job353_scenario2_665,job354_scenario1_666,
1644423352,667,job353_scenario2_665,job354_scenario1_666,
1644423352,668,job353_scenario2_665,job354_scenario1_666,
1644423352,669,job353_scenario2_665,job354_scenario1_666,
1644423352,670,job353_scenario2_665,job354_scenario1_666,
1644423352,671,
1644423352,672,
1644423352,673,
1644423353,674,
1644423353,675,
1644423353,676,
1644423353,677,
1644423353,678,
1644423353,679,
1644423353,680,job359_scenario3_680,
1644423353,681,job360_scenario0_681,
1644423353,682,
1644423353,683,job362_scenario0_683,
1644423353,684,job362_scenario0_683,
1644423353,685,job362_scenario0_683,
1644423353,686,
1644423353,687,
1644423353,688,
1644423353,689,
1644423353,690,
1644423354,691,
1644423354,692,job365_scenario1_692,
1644423354,693,job366_scenario3_693,
1644423354,694,
1644423354,695,
1644423354,696,
1644423354,697,
1644423354,698,
1644423354,699,
1644423354,700,
1644423354,701,
1644423354,702,
1644423354,703,
1644423354,704,
1644423354,705,
1644423354,706,
1644423354,707,
1644423354,708,
1644423354,709,
1644423354,710,
1644423354,711,job373_scenario1_711,
1644423355,712,
1644423355,713,
1644423355,714,job375_scenario1_714,
1644423355,715,job375_scenario1_714,
1644423355,716,job375_scenario1_714,
1644423355,717,job375_scenario1_714,
1644423355,718,job375_scenario1_714,
1644423355,719,job375_scenario1_714,
1644423355,720,job375_scenario1_714,
1644423355,721,
1644423355,722,
1644423355,723,
1644423355,724,
1644423355,725,job379_scenario2_725,
1644423355,726,job379_scenario2_725,
1644423355,727,job380_scenario1_727,
1644423355,728,
1644423356,729,
1644423356,730,
1644423356,731,
1644423356,732,
1644423356,733,job382_scenario0_733,
1644423356,734,job382_scenario0_733,
1644423356,735,job382_scenario0_733,
1644423356,736,
1644423356,737,
1644423356,738,
1644423356,739,
1644423356,740,
1644423356,741,
1644423356,742,
1644423356,743,
1644423356,744,
1644423356,745,
1644423357,746,
1644423357,747,
1644423357,748,
1644423357,749,
1644423357,750,
1644423357,751,
1644423357,752,job389_scenario0_752,
1644423357,753,job389_scenario0_752,
1644423357,754,job389_scenario0_752,
1644423357,755,job389_scenario0_752,job392_scenario4_755,
1644423357,756,job389_scenario0_752,job392_scenario4_755,
1644423357,757,
1644423357,758,
1644423357,759,
1644423357,760,
1644423357,761,
1644423357,762,
1644423357,763,job393_scenario0_763,
1644423357,764,
1644423357,765,
1644423357,766,
1644423357,767,
1644423357,768,
1644423357,769,
1644423357,770,
1644423357,771,
1644423357,772,
1644423358,773,
1644423358,774,
1644423358,775,
1644423358,776,
1644423358,777,
1644423358,778,
1644423358,779,job398_scenario1_779,
1644423358,780,job398_scenario1_779,
1644423358,781,job398_scenario1_779,
1644423358,782,job398_scenario1_779,
1644423358,783,
1644423358,784,
1644423358,785,
1644423358,786,
1644423358,787,job403_scenario2_787,
1644423358,788,job404_scenario2_788,
1644423358,789,job404_scenario2_788,job405_scenario2_789,
1644423358,790,job405_scenario2_789,
1644423358,791,job405_scenario2_789,
1644423358,792,job405_scenario2_789,
1644423358,793,job405_scenario2_789,
1644423358,794,job405_scenario2_789,
1644423358,795,
1644423359,796,
1644423359,797,
1644423359,798,
1644423359,799,
1644423359,800,job410_scenario2_800,
1644423359,801,job410_scenario2_800,
1644423359,802,job410_scenario2_800,
1644423359,803,
1644423359,804,
1644423359,805,
1644423359,806,
1644423359,807,
1644423359,808,
1644423359,809,
1644423359,810,
1644423359,811,
1644423359,812,
1644423359,813,
1644423359,814,
1644423359,815,
1644423359,816,
1644423359,817,job419_scenario2_817,
1644423359,818,job419_scenario2_817,
1644423359,819,job419_scenario2_817,
1644423359,820,job420_scenario0_820,
1644423360,821,job420_scenario0_820,
1644423360,822,job420_scenario0_820,
1644423360,823,
1644423360,824,
1644423360,825,
1644423360,826,
1644423360,827,
1644423360,828,
1644423360,829,
1644423360,830,
1644423360,831,
1644423360,832,
1644423360,833,
1644423360,834,
1644423360,835,
1644423360,836,
1644423360,837,
1644423360,838,
1644423360,839,
1644423360,840,
1644423360,841,
1644423360,842,
1644423360,843,
1644423360,844,
1644423360,845,
1644423361,846,
1644423361,847,
1644423361,848,
1644423361,849,
1644423361,850,
1644423361,851,
1644423361,852,
1644423361,853,
1644423361,854,
1644423361,855,
1644423361,856,
1644423361,857,
1644423361,858,
1644423361,859,
1644423361,860,job431_scenario2_860,
1644423361,861,
1644423361,862,
1644423361,863,
1644423361,864,
1644423361,865,
1644423361,866,
1644423361,867,
1644423361,868,job434_scenario0_868,
1644423361,869,job434_scenario0_868,
1644423361,870,job434_scenario0_868,
1644423361,871,job434_scenario0_868,
1644423362,872,
1644423362,873,
1644423362,874,
1644423362,875,
1644423362,876,
1644423362,877,
1644423362,878,job439_scenario1_878,
1644423362,879,job439_scenario1_878,
1644423362,880,job439_scenario1_878,
1644423362,881,
1644423362,882,
1644423362,883,
1644423362,884,
1644423362,885,
1644423362,886,
1644423362,887,
1644423362,888,
1644423362,889,
1644423362,890,
1644423362,891,
1644423362,892,
1644423362,893,job445_scenario0_893,
1644423362,894,job445_scenario0_893,
1644423362,895,
1644423363,896,
1644423363,897,
1644423363,898,job448_scenario0_898,
1644423363,899,job448_scenario0_898,
1644423363,900,job448_scenario0_898,
1644423363,901,
1644423363,902,
1644423363,903,job450_scenario2_903,
1644423363,904,
1644423363,905,job452_scenario1_905,
1644423363,906,job452_scenario1_905,
1644423363,907,job453_scenario2_907,
1644423363,908,job454_scenario0_908,
1644423363,909,job454_scenario0_908,
1644423363,910,job456_scenario2_910,
1644423363,911,job456_scenario2_910,
1644423363,912,job456_scenario2_910,
1644423363,913,job456_scenario2_910,
1644423363,914,job456_scenario2_910,
1644423363,915,job456_scenario2_910,
1644423363,916,
1644423363,917,job458_scenario0_917,
1644423364,918,job458_scenario0_917,
1644423364,919,
1644423364,920,
1644423364,921,
1644423364,922,
1644423364,923,
1644423364,924,
1644423364,925,
1644423364,926,
1644423364,927,
1644423364,928,
1644423364,929,
1644423364,930,
1644423364,931,
1644423364,932,
1644423364,933,
1644423364,934,
1644423364,935,
1644423364,936,job465_scenario0_936,
1644423364,937,job465_scenario0_936,
1644423364,938,job466_scenario1_938,
1644423364,939,job466_scenario1_938,
1644423365,940,
1644423365,941,
1644423365,942,
1644423365,943,
1644423365,944,
1644423365,945,
1644423365,946,
1644423365,947,
1644423365,948,
1644423365,949,
1644423365,950,
1644423365,951,
1644423365,952,
1644423365,953,
1644423365,954,
1644423365,955,
1644423365,956,
1644423365,957,
1644423365,958,
1644423365,959,
1644423365,960,
1644423365,961,
1644423365,962,
1644423365,963,
1644423365,964,
1644423365,965,
1644423366,966,
1644423366,967,
1644423366,968,
1644423366,969,
1644423366,970,
1644423366,971,
1644423366,972,
1644423366,973,
1644423366,974,
1644423366,975,
1644423366,976,
1644423366,977,
1644423366,978,
1644423366,979,
1644423366,980,
1644423366,981,
1644423366,982,
1644423366,983,
1644423366,984,
1644423366,985,
1644423366,986,
1644423366,987,
1644423366,988,
1644423366,989,job483_scenario0_989,
1644423366,990,job483_scenario0_989,
1644423366,991,job483_scenario0_989,
1644423367,992,job483_scenario0_989,
1644423367,993,
1644423367,994,
1644423367,995,job486_scenario0_995,
1644423367,996,job486_scenario0_995,
1644423367,997,job486_scenario0_995,
1644423367,998,job486_scenario0_995,
1644423367,999,
1644423367,1000,job488_scenario3_1000,
1644423367,1001,job488_scenario3_1000,
1644423367,1002,job488_scenario3_1000,
1644423367,1003,job488_scenario3_1000,job490_scenario0_1003,
1644423367,1004,job488_scenario3_1000,
1644423367,1005,job488_scenario3_1000,
1644423367,1006,job488_scenario3_1000,
1644423367,1007,job488_scenario3_1000,
1644423367,1008,job494_scenario1_1008,
1644423367,1009,job494_scenario1_1008,
1644423367,1010,job494_scenario1_1008,
1644423367,1011,job494_scenario1_1008,job495_scenario0_1011,
1644423368,1012,job494_scenario1_1008,job495_scenario0_1011,
1644423368,1013,job494_scenario1_1008,job495_scenario0_1011,
1644423368,1014,job497_scenario2_1014,
1644423368,1015,job497_scenario2_1014,
1644423368,1016,job498_scenario0_1016,
1644423368,1017,job498_scenario0_1016,job499_scenario2_1017,
1644423368,1018,job498_scenario0_1016,job499_scenario2_1017,
1644423368,1019,
1644423368,1020,
1644423368,1021,
1644423368,1022,
1644423368,1023,
1644423368,1024,job503_scenario2_1024,
1644423368,1025,
1644423368,1026,
1644423368,1027,
1644423368,1028,
1644423368,1029,job505_scenario2_1029,
1644423368,1030,job505_scenario2_1029,
1644423368,1031,
1644423368,1032,
1644423369,1033,
1644423369,1034,
1644423369,1035,
1644423369,1036,
1644423369,1037,
1644423369,1038,
1644423369,1039,
1644423369,1040,
1644423369,1041,
1644423369,1042,
1644423369,1043,
1644423369,1044,
1644423369,1045,job513_scenario0_1045,
1644423369,1046,job513_scenario0_1045,
1644423369,1047,
1644423369,1048,
1644423369,1049,job515_scenario1_1049,
1644423369,1050,job515_scenario1_1049,
1644423369,1051,job515_scenario1_1049,
1644423369,1052,job515_scenario1_1049,
1644423369,1053,job515_scenario1_1049,
1644423369,1054,
1644423369,1055,
1644423369,1056,
1644423370,1057,
1644423370,1058,
1644423370,1059,
1644423370,1060,
1644423370,1061,
1644423370,1062,
1644423370,1063,
1644423370,1064,
1644423370,1065,
1644423370,1066,
1644423370,1067,job521_scenario1_1067,
1644423370,1068,job521_scenario1_1067,
1644423370,1069,
1644423370,1070,
1644423370,1071,
1644423370,1072,
1644423370,1073,job523_scenario0_1073,
1644423370,1074,job523_scenario0_1073,
1644423370,1075,job523_scenario0_1073,
1644423370,1076,
1644423370,1077,
1644423370,1078,job526_scenario0_1078,
1644423371,1079,job526_scenario0_1078,job527_scenario3_1079,
1644423371,1080,job526_scenario0_1078,job527_scenario3_1079,
1644423371,1081,job526_scenario0_1078,job527_scenario3_1079,
1644423371,1082,
1644423371,1083,
1644423371,1084,
1644423371,1085,
1644423371,1086,
1644423371,1087,
1644423371,1088,
1644423371,1089,
1644423371,1090,
1644423371,1091,
1644423371,1092,
1644423371,1093,job532_scenario2_1093,
1644423371,1094,job532_scenario2_1093,
1644423371,1095,job532_scenario2_1093,
1644423371,1096,
1644423371,1097,
1644423371,1098,
1644423371,1099,
1644423371,1100,
1644423371,1101,
1644423372,1102,
1644423372,1103,
1644423372,1104,
1644423372,1105,
1644423372,1106,
1644423372,1107,
1644423372,1108,
1644423372,1109,
1644423372,1110,
1644423372,1111,
1644423372,1112,
1644423372,1113,
1644423372,1114,
1644423372,1115,
1644423372,1116,
1644423372,1117,
1644423372,1118,
1644423372,1119,
1644423372,1120,job547_scenario0_1120,
1644423372,1121,job547_scenario0_1120,
1644423372,1122,job547_scenario0_1120,
1644423372,1123,job547_scenario0_1120,
1644423372,1124,
1644423373,1125,
1644423373,1126,
1644423373,1127,
1644423373,1128,
1644423373,1129,
1644423373,1130,
1644423373,1131,job550_scenario1_1131,
1644423373,1132,job550_scenario1_1131,
1644423373,1133,job550_scenario1_1131,
1644423373,1134,
1644423373,1135,
1644423373,1136,
1644423373,1137,
1644423373,1138,
1644423373,1139,job555_scenario2_1139,
1644423373,1140,job555_scenario2_1139,
1644423373,1141,job555_scenario2_1139,
1644423373,1142,job555_scenario2_1139,
1644423373,1143,
1644423373,1144,
1644423373,1145,
1644423373,1146,
1644423373,1147,
1644423373,1148,
1644423373,1149,
1644423373,1150,
1644423374,1151,
1644423374,1152,
1644423374,1153,
1644423374,1154,
1644423374,1155,
1644423374,1156,
1644423374,1157,
1644423374,1158,job559_scenario0_1158,
1644423374,1159,job559_scenario0_1158,
1644423374,1160,
1644423374,1161,
1644423374,1162,
1644423374,1163,
1644423374,1164,
1644423374,1165,
1644423374,1166,
1644423374,1167,
1644423374,1168,
1644423374,1169,
1644423374,1170,
1644423374,1171,
1644423374,1172,
1644423374,1173,job564_scenario4_1173,
1644423374,1174,
1644423374,1175,
1644423375,1176,
1644423375,1177,
1644423375,1178,
1644423375,1179,
1644423375,1180,
1644423375,1181,
1644423375,1182,
1644423375,1183,
1644423375,1184,
1644423375,1185,
1644423375,1186,
1644423375,1187,
1644423375,1188,
1644423375,1189,job570_scenario0_1189,
1644423375,1190,
1644423375,1191,
1644423375,1192,
1644423375,1193,
1644423375,1194,
1644423375,1195,
1644423376,1196,
1644423376,1197,
1644423376,1198,
1644423376,1199,
1644423376,1200,job576_scenario1_1200,
1644423376,1201,job577_scenario1_1201,
1644423376,1202,job577_scenario1_1201,
1644423376,1203,job577_scenario1_1201,
1644423376,1204,
1644423376,1205,
1644423376,1206,
1644423376,1207,
1644423376,1208,
1644423376,1209,
1644423376,1210,job581_scenario2_1210,
1644423376,1211,
1644423376,1212,
1644423376,1213,
1644423376,1214,job584_scenario1_1214,
1644423376,1215,job584_scenario1_1214,
1644423376,1216,
1644423377,1217,
1644423377,1218,job585_scenario2_1218,
1644423377,1219,job585_scenario2_1218,
1644423377,1220,job586_scenario0_1220,
1644423377,1221,job586_scenario0_1220,
1644423377,1222,job586_scenario0_1220,
1644423377,1223,job586_scenario0_1220,
1644423377,1224,
1644423377,1225,job589_scenario0_1225,
1644423377,1226,job589_scenario0_1225,
1644423377,1227,job589_scenario0_1225,
1644423377,1228,job589_scenario0_1225,
1644423377,1229,job589_scenario0_1225,
1644423377,1230,job589_scenario0_1225,
1644423377,1231,
1644423377,1232,
1644423377,1233,job592_scenario0_1233,
1644423377,1234,job593_scenario1_1234,
1644423377,1235,
1644423377,1236,
1644423377,1237,
1644423377,1238,job595_scenario4_1238,
1644423377,1239,job595_scenario4_1238,
1644423377,1240,job595_scenario4_1238,
1644423378,1241,
1644423378,1242,
1644423378,1243,
1644423378,1244,
1644423378,1245,
1644423378,1246,
1644423378,1247,job598_scenario1_1247,
1644423378,1248,
1644423378,1249,job600_scenario4_1249,
1644423378,1250,
1644423378,1251,
1644423378,1252,
1644423378,1253,
1644423378,1254,
1644423378,1255,
1644423378,1256,
1644423378,1257,
1644423378,1258,
1644423378,1259,
1644423379,1260,
1644423379,1261,
1644423379,1262,
1644423379,1263,
1644423379,1264,
1644423379,1265,
1644423379,1266,
1644423379,1267,
1644423379,1268,
1644423379,1269,
1644423379,1270,
1644423379,1271,job613_scenario2_1271,
1644423379,1272,job613_scenario2_1271,
1644423379,1273,
1644423379,1274,
1644423379,1275,job615_scenario2_1275,
1644423379,1276,
1644423380,1277,
1644423380,1278,
1644423380,1279,
1644423380,1280,
1644423380,1281,job619_scenario1_1281,
1644423380,1282,job619_scenario1_1281,
1644423380,1283,job619_scenario1_1281,
1644423380,1284,job619_scenario1_1281,
1644423380,1285,job619_scenario1_1281,
1644423380,1286,job619_scenario1_1281,
1644423380,1287,
1644423380,1288,job624_scenario1_1288,
1644423380,1289,job624_scenario1_1288,
1644423380,1290,job626_scenario1_1290,
1644423380,1291,
1644423380,1292,job628_scenario1_1292,
1644423380,1293,job628_scenario1_1292,
1644423380,1294,job628_scenario1_1292,job630_scenario0_1294,
1644423381,1295,job628_scenario1_1292,
1644423381,1296,job628_scenario1_1292,
1644423381,1297,job628_scenario1_1292,
1644423381,1298,job628_scenario1_1292,
1644423381,1299,job628_scenario1_1292,
1644423381,1300,
1644423381,1301,
1644423381,1302,
1644423381,1303,
1644423381,1304,
1644423381,1305,
1644423381,1306,
1644423381,1307,
1644423381,1308,
1644423381,1309,
1644423381,1310,
1644423381,1311,
1644423381,1312,
1644423381,1313,
1644423381,1314,
1644423382,1315,
1644423382,1316,
1644423382,1317,
1644423382,1318,
1644423382,1319,
1644423382,1320,
1644423382,1321,
1644423382,1322,
1644423382,1323,
1644423382,1324,
1644423382,1325,
1644423382,1326,job638_scenario1_1326,
1644423382,1327,job638_scenario1_1326,
1644423382,1328,job640_scenario0_1328,
1644423382,1329,job640_scenario0_1328,
1644423382,1330,job640_scenario0_1328,
1644423382,1331,
1644423382,1332,
1644423382,1333,job642_scenario3_1333,
1644423383,1334,job642_scenario3_1333,
1644423383,1335,
1644423383,1336,job643_scenario4_1336,
1644423383,1337,job643_scenario4_1336,
1644423383,1338,job643_scenario4_1336,job644_scenario0_1338,
1644423383,1339,job643_scenario4_1336,job644_scenario0_1338,
1644423383,1340,
1644423383,1341,
1644423383,1342,
1644423383,1343,job645_scenario0_1343,
1644423383,1344,
1644423383,1345,
1644423383,1346,
1644423383,1347,
1644423383,1348,
1644423383,1349,
1644423384,1350,job647_scenario0_1350,
1644423384,1351,
1644423384,1352,
1644423384,1353,
1644423384,1354,
1644423384,1355,
1644423384,1356,
1644423384,1357,
1644423384,1358,
1644423384,1359,
1644423384,1360,job651_scenario1_1360,
1644423384,1361,job651_scenario1_1360,
1644423384,1362,job651_scenario1_1360,
1644423384,1363,job651_scenario1_1360,
1644423384,1364,job651_scenario1_1360,
1644423384,1365,job654_scenario1_1365,
1644423384,1366,
1644423385,1367,
1644423385,1368,
1644423385,1369,
1644423385,1370,
1644423385,1371,
1644423385,1372,
1644423385,1373,
1644423385,1374,
1644423385,1375,
1644423385,1376,
1644423385,1377,
1644423385,1378,
1644423385,1379,
1644423385,1380,
1644423385,1381,job658_scenario1_1381,
1644423385,1382,job658_scenario1_1381,
1644423385,1383,
1644423385,1384,
1644423386,1385,
1644423386,1386,
1644423386,1387,
1644423386,1388,
1644423386,1389,
1644423386,1390,
1644423386,1391,
1644423386,1392,
1644423386,1393,
1644423386,1394,job665_scenario0_1394,
1644423386,1395,job665_scenario0_1394,
1644423386,1396,
1644423386,1397,
1644423386,1398,
1644423387,1399,
1644423387,1400,
1644423387,1401,
1644423387,1402,
1644423387,1403,
1644423387,1404,
1644423387,1405,
1644423387,1406,
1644423387,1407,job670_scenario0_1407,
1644423387,1408,job670_scenario0_1407,
1644423387,1409,
1644423387,1410,
1644423387,1411,
1644423387,1412,
1644423387,1413,
1644423387,1414,
1644423387,1415,
1644423388,1416,
1644423388,1417,
1644423388,1418,
1644423388,1419,
1644423388,1420,
1644423388,1421,
1644423388,1422,
1644423388,1423,
1644423388,1424,
1644423388,1425,
1644423388,1426,
1644423388,1427,
1644423388,1428,
1644423388,1429,
1644423388,1430,
1644423388,1431,
1644423388,1432,
1644423388,1433,
1644423388,1434,
1644423388,1435,
1644423388,1436,
1644423389,1437,
1644423389,1438,
1644423389,1439,
1644423389,1440,
1644423389,1441,
1644423389,1442,
1644423389,1443,
1644423389,1444,
1644423389,1445,
1644423389,1446,
1644423389,1447,
1644423389,1448,
1644423389,1449,
1644423389,1450,
1644423389,1451,
1644423389,1452,
1644423389,1453,
1644423389,1454,
1644423389,1455,
1644423389,1456,
1644423389,1457,
1644423389,1458,
1644423389,1459,
1644423390,1460,
1644423390,1461,
1644423390,1462,
1644423390,1463,
1644423390,1464,
1644423390,1465,
1644423390,1466,
1644423390,1467,
1644423390,1468,
1644423390,1469,
1644423390,1470,
1644423390,1471,
1644423390,1472,
1644423390,1473,
1644423390,1474,
1644423390,1475,
1644423390,1476,
1644423390,1477,
1644423390,1478,
1644423391,1479,
1644423391,1480,
1644423391,1481,
1644423391,1482,
1644423391,1483,
1644423391,1484,
1644423391,1485,
1644423391,1486,
1644423391,1487,
1644423391,1488,
1644423391,1489,
1644423391,1490,
1644423391,1491,
1644423391,1492,
1644423391,1493,
1644423391,1494,
1644423391,1495,
1644423391,1496,
1644423391,1497,
1644423391,1498,
1644423391,1499,
1644423391,1500,
1644423392,1501,
1644423392,1502,
1644423392,1503,
1644423392,1504,
1644423392,1505,
1644423392,1506,
1644423392,1507,
1644423392,1508,
1644423392,1509,
1644423392,1510,
1644423392,1511,
1644423392,1512,
1644423392,1513,
1644423392,1514,
1644423392,1515,
1644423392,1516,
1644423392,1517,
1644423392,1518,
1644423392,1519,
1644423392,1520,
1644423393,1521,
1644423393,1522,
1644423393,1523,
1644423393,1524,
1644423393,1525,
1644423393,1526,
1644423393,1527,
1644423393,1528,
1644423393,1529,
1644423393,1530,
1644423393,1531,
1644423393,1532,
1644423393,1533,job699_scenario1_1533,
1644423393,1534,job699_scenario1_1533,
1644423393,1535,
1644423394,1536,
1644423394,1537,
1644423394,1538,
1644423394,1539,
1644423394,1540,
1644423394,1541,
1644423394,1542,
1644423394,1543,
1644423394,1544,
1644423394,1545,
1644423394,1546,
1644423394,1547,
1644423394,1548,
1644423394,1549,
1644423394,1550,
1644423394,1551,
1644423394,1552,
1644423394,1553,
1644423394,1554,
1644423394,1555,
1644423394,1556,
1644423394,1557,
1644423394,1558,
1644423394,1559,
1644423395,1560,
1644423395,1561,job704_scenario0_1561,
1644423395,1562,job704_scenario0_1561,
1644423395,1563,job704_scenario0_1561,
1644423395,1564,job704_scenario0_1561,
1644423395,1565,job704_scenario0_1561,
1644423395,1566,
1644423395,1567,
1644423395,1568,
1644423395,1569,job706_scenario0_1569,
1644423395,1570,job706_scenario0_1569,
1644423395,1571,job706_scenario0_1569,
1644423395,1572,
1644423395,1573,
1644423395,1574,
1644423395,1575,
1644423395,1576,
1644423395,1577,
1644423395,1578,
1644423395,1579,
1644423395,1580,
1644423395,1581,
1644423395,1582,
1644423396,1583,
1644423396,1584,
1644423396,1585,
1644423396,1586,
1644423396,1587,
1644423396,1588,
1644423396,1589,
1644423396,1590,
1644423396,1591,
1644423396,1592,
1644423396,1593,
1644423396,1594,
1644423396,1595,
1644423396,1596,
1644423396,1597,
1644423396,1598,
1644423396,1599,
1644423396,1600,
1644423396,1601,
1644423397,1602,
1644423397,1603,
1644423397,1604,
1644423397,1605,
1644423397,1606,
1644423397,1607,
1644423397,1608,
1644423397,1609,
1644423397,1610,
1644423397,1611,
1644423397,1612,
1644423397,1613,
1644423397,1614,
1644423397,1615,
1644423397,1616,
1644423397,1617,
1644423397,1618,
1644423398,1619,
1644423398,1620,
1644423398,1621,
1644423398,1622,
1644423398,1623,
1644423398,1624,
1644423398,1625,
1644423398,1626,
1644423398,1627,
1644423398,1628,
1644423398,1629,
1644423398,1630,
1644423398,1631,
1644423398,1632,
1644423398,1633,
1644423398,1634,
1644423398,1635,
1644423398,1636,
1644423398,1637,
1644423398,1638,
1644423398,1639,
1644423399,1640,job721_scenario0_1640,
1644423399,1641,job721_scenario0_1640,
1644423399,1642,job721_scenario0_1640,
1644423399,1643,
1644423399,1644,
1644423399,1645,
1644423399,1646,
1644423399,1647,
1644423399,1648,
1644423399,1649,
1644423399,1650,
1644423399,1651,job726_scenario0_1651,
1644423399,1652,job726_scenario0_1651,
1644423399,1653,job726_scenario0_1651,
1644423399,1654,job726_scenario0_1651,
1644423399,1655,job726_scenario0_1651,
1644423399,1656,job726_scenario0_1651,
1644423399,1657,job726_scenario0_1651,
1644423399,1658,
1644423400,1659,job729_scenario3_1659,
1644423400,1660,job729_scenario3_1659,
1644423400,1661,job729_scenario3_1659,
1644423400,1662,job730_scenario1_1662,
1644423400,1663,job730_scenario1_1662,
1644423400,1664,
1644423400,1665,
1644423400,1666,
1644423400,1667,
1644423400,1668,
1644423400,1669,
1644423400,1670,
1644423400,1671,
1644423400,1672,
1644423400,1673,
1644423400,1674,
1644423400,1675,
1644423401,1676,
1644423401,1677,
1644423401,1678,
1644423401,1679,
1644423401,1680,
1644423401,1681,
1644423401,1682,
1644423401,1683,
1644423401,1684,
1644423401,1685,
1644423401,1686,
1644423401,1687,
1644423401,1688,
1644423401,1689,
1644423401,1690,
1644423401,1691,
1644423401,1692,
1644423401,1693,
1644423401,1694,
1644423401,1695,
1644423401,1696,
1644423401,1697,
1644423401,1698,
1644423402,1699,
1644423402,1700,
1644423402,1701,
1644423402,1702,
1644423402,1703,
1644423402,1704,
1644423402,1705,
1644423402,1706,
1644423402,1707,
1644423402,1708,
1644423402,1709,
1644423402,1710,
1644423402,1711,
1644423402,1712,
1644423402,1713,job746_scenario0_1713,
1644423402,1714,job746_scenario0_1713,
1644423402,1715,job746_scenario0_1713,
1644423402,1716,job746_scenario0_1713,
1644423402,1717,
1644423403,1718,
1644423403,1719,
1644423403,1720,
1644423403,1721,
1644423403,1722,
1644423403,1723,
1644423403,1724,
1644423403,1725,
1644423403,1726,
1644423403,1727,
1644423403,1728,
1644423403,1729,
1644423403,1730,
1644423403,1731,
1644423403,1732,
1644423403,1733,
1644423403,1734,
1644423403,1735,
1644423403,1736,
1644423403,1737,
1644423403,1738,
1644423403,1739,
1644423403,1740,
1644423403,1741,
1644423404,1742,
1644423404,1743,
1644423404,1744,
1644423404,1745,
1644423404,1746,
1644423404,1747,job756_scenario3_1747,
1644423404,1748,job756_scenario3_1747,
1644423404,1749,job757_scenario0_1749,
1644423404,1750,job758_scenario2_1750,
1644423404,1751,job758_scenario2_1750,
1644423404,1752,
1644423404,1753,
1644423404,1754,
1644423404,1755,
1644423404,1756,
1644423404,1757,
1644423404,1758,
1644423404,1759,
1644423404,1760,
1644423404,1761,
1644423404,1762,
1644423405,1763,
1644423405,1764,
1644423405,1765,
1644423405,1766,
1644423405,1767,
1644423405,1768,
1644423405,1769,
1644423405,1770,
1644423405,1771,
1644423405,1772,
1644423405,1773,job767_scenario1_1773,
1644423405,1774,
1644423405,1775,
1644423405,1776,
1644423405,1777,
1644423405,1778,job770_scenario0_1778,
1644423405,1779,job770_scenario0_1778,
1644423405,1780,job770_scenario0_1778,
1644423406,1781,job772_scenario0_1781,
1644423406,1782,job772_scenario0_1781,
1644423406,1783,job772_scenario0_1781,
1644423406,1784,job772_scenario0_1781,
1644423406,1785,job772_scenario0_1781,job773_scenario3_1785,
1644423406,1786,job772_scenario0_1781,job773_scenario3_1785,
1644423406,1787,job772_scenario0_1781,job773_scenario3_1785,
1644423406,1788,job773_scenario3_1785,
1644423406,1789,job773_scenario3_1785,
1644423406,1790,
1644423406,1791,
1644423406,1792,
1644423406,1793,
1644423406,1794,
1644423406,1795,
1644423406,1796,
1644423406,1797,
1644423406,1798,
1644423406,1799,
1644423406,1800,
1644423406,1801,job779_scenario0_1801,
1644423407,1802,job779_scenario0_1801,
1644423407,1803,job779_scenario0_1801,
1644423407,1804,job780_scenario0_1804,
1644423407,1805,job780_scenario0_1804,
1644423407,1806,job780_scenario0_1804,
1644423407,1807,job780_scenario0_1804,
1644423407,1808,
1644423407,1809,
1644423407,1810,
1644423407,1811,
1644423407,1812,
1644423407,1813,
1644423407,1814,
1644423407,1815,
1644423407,1816,
1644423407,1817,
1644423407,1818,
1644423407,1819,
1644423407,1820,
1644423407,1821,
1644423407,1822,
1644423407,1823,
1644423408,1824,
1644423408,1825,
1644423408,1826,
1644423408,1827,
1644423408,1828,
1644423408,1829,
1644423408,1830,
1644423408,1831,
1644423408,1832,
1644423408,1833,
1644423408,1834,job785_scenario1_1834,
1644423408,1835,job785_scenario1_1834,
1644423408,1836,job785_scenario1_1834,
1644423408,1837,job785_scenario1_1834,
1644423408,1838,
1644423408,1839,
1644423408,1840,
1644423408,1841,
1644423408,1842,job788_scenario2_1842,
1644423408,1843,job788_scenario2_1842,
1644423408,1844,job788_scenario2_1842,
1644423409,1845,job788_scenario2_1842,job791_scenario3_1845,
1644423409,1846,job788_scenario2_1842,job791_scenario3_1845,
1644423409,1847,job788_scenario2_1842,job791_scenario3_1845,job793_scenario0_1847,
1644423409,1848,job788_scenario2_1842,job791_scenario3_1845,job793_scenario0_1847,
1644423409,1849,
1644423409,1850,job795_scenario3_1850,
1644423409,1851,
1644423409,1852,job797_scenario0_1852,
1644423409,1853,job797_scenario0_1852,job798_scenario1_1853,
1644423409,1854,job797_scenario0_1852,job798_scenario1_1853,
1644423409,1855,job798_scenario1_1853,job799_scenario1_1855,
1644423409,1856,job798_scenario1_1853,job799_scenario1_1855,
1644423409,1857,job798_scenario1_1853,job799_scenario1_1855,
1644423409,1858,job798_scenario1_1853,
1644423409,1859,job798_scenario1_1853,
1644423409,1860,job798_scenario1_1853,
1644423409,1861,job798_scenario1_1853,
1644423409,1862,job798_scenario1_1853,
1644423409,1863,
1644423409,1864,
1644423410,1865,
1644423410,1866,
1644423410,1867,
1644423410,1868,
1644423410,1869,
1644423410,1870,
1644423410,1871,
1644423410,1872,
1644423410,1873,
1644423410,1874,
1644423410,1875,
1644423410,1876,
1644423410,1877,
1644423410,1878,
1644423410,1879,
1644423410,1880,
1644423410,1881,
1644423410,1882,
1644423410,1883,
1644423410,1884,
1644423411,1885,
1644423411,1886,
1644423411,1887,job805_scenario0_1887,
1644423411,1888,job805_scenario0_1887,
1644423411,1889,
1644423411,1890,
1644423411,1891,
1644423411,1892,
1644423411,1893,
1644423411,1894,
1644423411,1895,
1644423411,1896,
1644423411,1897,job809_scenario0_1897,
1644423411,1898,job809_scenario0_1897,
1644423411,1899,job809_scenario0_1897,
1644423411,1900,
1644423411,1901,
1644423411,1902,
1644423411,1903,
1644423412,1904,
1644423412,1905,
1644423412,1906,
1644423412,1907,
1644423412,1908,
1644423412,1909,
1644423412,1910,
1644423412,1911,
1644423412,1912,
1644423412,1913,
1644423412,1914,
1644423412,1915,
1644423412,1916,
1644423412,1917,
1644423412,1918,
1644423412,1919,
1644423412,1920,
1644423412,1921,
1644423412,1922,
1644423412,1923,job820_scenario3_1923,
1644423413,1924,job820_scenario3_1923,
1644423413,1925,
1644423413,1926,job822_scenario0_1926,
1644423413,1927,job822_scenario0_1926,
1644423413,1928,job822_scenario0_1926,job823_scenario0_1928,
1644423413,1929,job823_scenario0_1928,job824_scenario3_1929,
1644423413,1930,job823_scenario0_1928,job824_scenario3_1929,
1644423413,1931,job825_scenario0_1931,
1644423413,1932,job825_scenario0_1931,
1644423413,1933,job825_scenario0_1931,
1644423413,1934,job825_scenario0_1931,
1644423413,1935,job825_scenario0_1931,
1644423413,1936,
1644423413,1937,
1644423413,1938,
1644423413,1939,
1644423414,1940,
1644423414,1941,
1644423414,1942,
1644423414,1943,
1644423414,1944,
1644423414,1945,
1644423414,1946,
1644423414,1947,
1644423414,1948,
1644423414,1949,
1644423414,1950,
1644423414,1951,
1644423414,1952,job830_scenario1_1952,
1644423414,1953,job830_scenario1_1952,
1644423414,1954,job830_scenario1_1952,
1644423414,1955,
1644423414,1956,
1644423414,1957,job831_scenario0_1957,
1644423414,1958,job831_scenario0_1957,
1644423414,1959,job831_scenario0_1957,
1644423414,1960,job831_scenario0_1957,
1644423415,1961,
1644423415,1962,
1644423415,1963,
1644423415,1964,
1644423415,1965,
1644423415,1966,
1644423415,1967,
1644423415,1968,
1644423415,1969,
1644423415,1970,
1644423415,1971,job837_scenario0_1971,
1644423415,1972,job837_scenario0_1971,
1644423415,1973,job837_scenario0_1971,
1644423415,1974,
1644423415,1975,
1644423415,1976,
1644423415,1977,
1644423415,1978,
1644423415,1979,
1644423415,1980,
1644423416,1981,
1644423416,1982,
1644423416,1983,
1644423416,1984,
1644423416,1985,
1644423416,1986,
1644423416,1987,job843_scenario2_1987,
1644423416,1988,job843_scenario2_1987,
1644423416,1989,job843_scenario2_1987,
1644423416,1990,job843_scenario2_1987,
1644423416,1991,job843_scenario2_1987,
1644423416,1992,job843_scenario2_1987,
1644423416,1993,
1644423416,1994,
1644423416,1995,
1644423416,1996,
1644423416,1997,
1644423416,1998,
1644423416,1999,
1644423416,2000,
1644423416,2001,
1644423416,2002,job848_scenario1_2002,
1644423416,2003,job848_scenario1_2002,
1644423417,2004,job848_scenario1_2002,
1644423417,2005,job851_scenario1_2005,
1644423417,2006,job851_scenario1_2005,
1644423417,2007,job851_scenario1_2005,
1644423417,2008,job851_scenario1_2005,
1644423417,2009,job851_scenario1_2005,
1644423417,2010,job851_scenario1_2005,
1644423417,2011,
1644423417,2012,
1644423417,2013,
1644423417,2014,
1644423417,2015,
1644423417,2016,
1644423417,2017,job854_scenario0_2017,
1644423417,2018,job854_scenario0_2017,
1644423417,2019,job854_scenario0_2017,
1644423417,2020,job854_scenario0_2017,
1644423417,2021,
1644423417,2022,
1644423418,2023,
1644423418,2024,
1644423418,2025,
1644423418,2026,
1644423418,2027,
1644423418,2028,
1644423418,2029,
1644423418,2030,
1644423418,2031,
1644423418,2032,
1644423418,2033,
1644423418,2034,
1644423418,2035,
1644423418,2036,
1644423418,2037,job859_scenario3_2037,
1644423418,2038,job859_scenario3_2037,
1644423418,2039,job859_scenario3_2037,
1644423418,2040,
1644423418,2041,
1644423418,2042,
1644423418,2043,
1644423419,2044,
1644423419,2045,
1644423419,2046,job863_scenario1_2046,
1644423419,2047,job863_scenario1_2046,
1644423419,2048,
1644423419,2049,
1644423419,2050,
1644423419,2051,job865_scenario0_2051,
1644423419,2052,job865_scenario0_2051,
1644423419,2053,
1644423419,2054,
1644423419,2055,
1644423419,2056,
1644423419,2057,job869_scenario2_2057,
1644423419,2058,job869_scenario2_2057,
1644423419,2059,job869_scenario2_2057,
1644423419,2060,
1644423420,2061,job871_scenario0_2061,
1644423420,2062,job871_scenario0_2061,
1644423420,2063,job871_scenario0_2061,
1644423420,2064,
1644423420,2065,
1644423420,2066,
1644423420,2067,
1644423420,2068,
1644423420,2069,job874_scenario1_2069,
1644423420,2070,job874_scenario1_2069,
1644423420,2071,job874_scenario1_2069,
1644423420,2072,job874_scenario1_2069,
1644423420,2073,job874_scenario1_2069,
1644423420,2074,job874_scenario1_2069,
1644423420,2075,job874_scenario1_2069,
1644423420,2076,
1644423420,2077,
1644423420,2078,
1644423420,2079,
1644423420,2080,
1644423421,2081,
1644423421,2082,
1644423421,2083,
1644423421,2084,
1644423421,2085,
1644423421,2086,
1644423421,2087,
1644423421,2088,
1644423421,2089,
1644423421,2090,
1644423421,2091,
1644423421,2092,
1644423421,2093,
1644423421,2094,job881_scenario0_2094,
1644423421,2095,job881_scenario0_2094,
1644423421,2096,job881_scenario0_2094,
1644423421,2097,
1644423421,2098,
1644423421,2099,
1644423422,2100,job883_scenario0_2100,
1644423422,2101,job883_scenario0_2100,
1644423422,2102,job883_scenario0_2100,
1644423422,2103,
1644423422,2104,
1644423422,2105,
1644423422,2106,
1644423422,2107,
1644423422,2108,job885_scenario0_2108,
1644423422,2109,job885_scenario0_2108,
1644423422,2110,job885_scenario0_2108,
1644423422,2111,job885_scenario0_2108,
1644423422,2112,
1644423422,2113,
1644423422,2114,
1644423422,2115,
1644423422,2116,
1644423423,2117,
1644423423,2118,
1644423423,2119,
1644423423,2120,
1644423423,2121,
1644423423,2122,
1644423423,2123,
1644423423,2124,
1644423423,2125,
1644423423,2126,job891_scenario1_2126,
1644423423,2127,job891_scenario1_2126,
1644423423,2128,
1644423423,2129,
1644423423,2130,
1644423423,2131,
1644423424,2132,
1644423424,2133,
1644423424,2134,
1644423424,2135,
1644423424,2136,
1644423424,2137,job896_scenario0_2137,
1644423424,2138,job896_scenario0_2137,
1644423424,2139,job896_scenario0_2137,
1644423424,2140,
1644423424,2141,
1644423424,2142,
1644423424,2143,
1644423424,2144,job897_scenario0_2144,
1644423424,2145,job897_scenario0_2144,
1644423424,2146,job897_scenario0_2144,
1644423424,2147,job898_scenario0_2147,
1644423424,2148,
1644423424,2149,
1644423424,2150,
1644423424,2151,
1644423425,2152,
1644423425,2153,
1644423425,2154,
1644423425,2155,
1644423425,2156,
1644423425,2157,
1644423425,2158,
1644423425,2159,
1644423425,2160,
1644423425,2161,
1644423425,2162,
1644423425,2163,
1644423425,2164,
1644423425,2165,
1644423425,2166,
1644423425,2167,
1644423425,2168,
1644423425,2169,
1644423425,2170,
1644423425,2171,
1644423425,2172,job905_scenario3_2172,
1644423425,2173,job905_scenario3_2172,
1644423426,2174,job905_scenario3_2172,
1644423426,2175,job905_scenario3_2172,
1644423426,2176,job905_scenario3_2172,
1644423426,2177,job905_scenario3_2172,
1644423426,2178,
1644423426,2179,
1644423426,2180,
1644423426,2181,
1644423426,2182,
1644423426,2183,
1644423426,2184,job907_scenario0_2184,
1644423426,2185,job907_scenario0_2184,
1644423426,2186,
1644423426,2187,
1644423426,2188,
1644423426,2189,
1644423426,2190,
1644423427,2191,
1644423427,2192,
1644423427,2193,
1644423427,2194,
1644423427,2195,
1644423427,2196,
1644423427,2197,
1644423427,2198,
1644423427,2199,
1644423427,2200,
1644423427,2201,
1644423427,2202,
1644423427,2203,
1644423427,2204,
1644423427,2205,
1644423427,2206,
1644423427,2207,
1644423427,2208,
1644423427,2209,
1644423427,2210,
1644423427,2211,
1644423427,2212,
1644423427,2213,
1644423427,2214,
1644423428,2215,
1644423428,2216,job916_scenario0_2216,
1644423428,2217,job916_scenario0_2216,
1644423428,2218,job916_scenario0_2216,
1644423428,2219,
1644423428,2220,
1644423428,2221,
1644423428,2222,
1644423428,2223,
1644423428,2224,
1644423428,2225,
1644423428,2226,
1644423428,2227,
1644423428,2228,
1644423428,2229,
1644423428,2230,
1644423428,2231,
1644423428,2232,
1644423428,2233,
1644423428,2234,
1644423428,2235,
1644423429,2236,
1644423429,2237,
1644423429,2238,
1644423429,2239,
1644423429,2240,
1644423429,2241,
1644423429,2242,
1644423429,2243,
1644423429,2244,
1644423429,2245,
1644423429,2246,
1644423429,2247,
1644423429,2248,
1644423429,2249,
1644423429,2250,
1644423429,2251,
1644423429,2252,
1644423430,2253,job927_scenario2_2253,
1644423430,2254,
1644423430,2255,
1644423430,2256,
1644423430,2257,
1644423430,2258,
1644423430,2259,
1644423430,2260,
1644423430,2261,
1644423430,2262,
1644423430,2263,
1644423430,2264,
1644423431,2265,
1644423431,2266,
1644423431,2267,
1644423431,2268,
1644423431,2269,
1644423431,2270,
1644423431,2271,
1644423431,2272,
1644423432,2273,
1644423432,2274,
1644423432,2275,
1644423432,2276,
1644423432,2277,
1644423432,2278,
1644423433,2279,
1644423433,2280,
1644423433,2281,
1644423433,2282,
1644423433,2283,
1644423433,2284,
1644423434,2285,
1644423434,2286,
1644423434,2287,
1644423434,2288,
1644423434,2289,
1644423434,2290,
1644423434,2291,
1644423434,2292,
1644423434,2293,
1644423435,2294,
1644423435,2295,
1644423435,2296,
1644423435,2297,
1644423435,2298,
1644423435,2299,
1644423436,2300,
1644423436,2301,
1644423436,2302,
1644423436,2303,
1644423436,2304,
1644423436,2305,
1644423436,2306,
1644423437,2307,
1644423437,2308,job937_scenario0_2308,
1644423437,2309,job937_scenario0_2308,
1644423437,2310,job937_scenario0_2308,
1644423437,2311,job937_scenario0_2308,
1644423437,2312,
1644423438,2313,
1644423438,2314,
1644423438,2315,
1644423438,2316,
1644423438,2317,
1644423438,2318,
1644423439,2319,
1644423439,2320,
1644423439,2321,
1644423439,2322,
1644423439,2323,
1644423439,2324,
1644423439,2325,
1644423439,2326,
1644423439,2327,
1644423439,2328,
1644423439,2329,
1644423439,2330,
1644423439,2331,
1644423439,2332,
1644423439,2333,
1644423440,2334,
1644423440,2335,
1644423440,2336,
1644423440,2337,
1644423440,2338,
1644423440,2339,
1644423440,2340,
1644423440,2341,
1644423441,2342,job945_scenario0_2342,
1644423441,2343,job945_scenario0_2342,
1644423441,2344,
1644423441,2345,
1644423441,2346,
1644423442,2347,
1644423442,2348,
1644423442,2349,
1644423442,2350,
1644423442,2351,
1644423442,2352,
1644423443,2353,
1644423443,2354,
1644423443,2355,
1644423443,2356,
1644423443,2357,
1644423443,2358,
1644423443,2359,
1644423444,2360,
1644423444,2361,
1644423444,2362,
1644423444,2363,
1644423444,2364,
1644423444,2365,
1644423444,2366,
1644423444,2367,
1644423445,2368,
1644423445,2369,
1644423445,2370,
1644423445,2371,
1644423445,2372,
1644423445,2373,
1644423446,2374,
1644423446,2375,
1644423446,2376,
1644423446,2377,
1644423446,2378,
1644423446,2379,
1644423447,2380,
1644423447,2381,
1644423447,2382,
1644423447,2383,
1644423447,2384,
1644423447,2385,
1644423447,2386,
1644423447,2387,
1644423448,2388,
1644423448,2389,
1644423448,2390,
1644423448,2391,
1644423448,2392,
1644423448,2393,
1644423448,2394,
1644423448,2395,
1644423448,2396,
1644423448,2397,job953_scenario1_2397,
1644423449,2398,job953_scenario1_2397,
1644423449,2399,job953_scenario1_2397,
1644423449,2400,
1644423449,2401,
1644423449,2402,
1644423449,2403,
1644423450,2404,job954_scenario0_2404,
1644423450,2405,job954_scenario0_2404,
1644423450,2406,
1644423450,2407,
1644423450,2408,
1644423450,2409,
1644423450,2410,
1644423450,2411,
1644423450,2412,
1644423450,2413,
1644423450,2414,
1644423451,2415,
1644423451,2416,
1644423451,2417,
1644423451,2418,
1644423451,2419,
1644423452,2420,
1644423452,2421,
1644423452,2422,
1644423452,2423,
1644423452,2424,
1644423453,2425,
1644423453,2426,
1644423453,2427,
1644423453,2428,
1644423453,2429,
1644423453,2430,
1644423453,2431,
1644423453,2432,
1644423453,2433,
1644423453,2434,
1644423453,2435,
1644423454,2436,
1644423454,2437,
1644423454,2438,
1644423454,2439,
1644423454,2440,
1644423454,2441,
1644423454,2442,
1644423455,2443,
1644423455,2444,
1644423455,2445,
1644423455,2446,
1644423455,2447,
1644423455,2448,
1644423455,2449,
1644423455,2450,
1644423456,2451,
1644423456,2452,
1644423456,2453,
1644423456,2454,
1644423456,2455,
1644423456,2456,
1644423457,2457,
1644423457,2458,
1644423457,2459,
1644423457,2460,
1644423457,2461,
1644423457,2462,
1644423458,2463,
1644423458,2464,
1644423458,2465,
1644423458,2466,
1644423458,2467,
1644423458,2468,
1644423458,2469,
1644423458,2470,
1644423458,2471,
1644423458,2472,
1644423459,2473,
1644423459,2474,
1644423459,2475,
1644423459,2476,
1644423459,2477,
1644423459,2478,
1644423459,2479,
1644423459,2480,
1644423459,2481,
1644423459,2482,
1644423460,2483,
1644423460,2484,
1644423460,2485,
1644423460,2486,
1644423460,2487,
1644423460,2488,
1644423460,2489,
1644423460,2490,
1644423461,2491,
1644423461,2492,
1644423461,2493,
1644423461,2494,
1644423461,2495,
1644423461,2496,
1644423462,2497,
1644423462,2498,
1644423462,2499,
1644423462,2500,
1644423462,2501,
1644423462,2502,
1644423463,2503,
1644423463,2504,
1644423463,2505,
1644423463,2506,
1644423463,2507,
1644423463,2508,
1644423463,2509,
1644423463,2510,
1644423463,2511,
1644423463,2512,
1644423463,2513,
1644423464,2514,
1644423464,2515,
1644423464,2516,
1644423464,2517,
1644423464,2518,job981_scenario0_2518,
1644423464,2519,job981_scenario0_2518,
1644423464,2520,job981_scenario0_2518,
1644423465,2521,job982_scenario0_2521,
1644423465,2522,
1644423465,2523,job984_scenario1_2523,
1644423465,2524,job984_scenario1_2523,
1644423465,2525,job984_scenario1_2523,
1644423466,2526,job984_scenario1_2523,
1644423466,2527,
1644423466,2528,
1644423466,2529,
1644423466,2530,
1644423466,2531,
1644423466,2532,
1644423466,2533,
1644423466,2534,
1644423466,2535,
1644423467,2536,
1644423467,2537,
1644423467,2538,
1644423467,2539,
1644423467,2540,
1644423467,2541,
1644423468,2542,
1644423468,2543,
1644423468,2544,
1644423468,2545,
1644423468,2546,
1644423468,2547,
1644423468,2548,
1644423468,2549,
1644423469,2550,
1644423469,2551,
1644423469,2552,
1644423469,2553,
1644423469,2554,
1644423469,2555,
1644423470,2556,
1644423470,2557,
1644423470,2558,
1644423470,2559,
1644423470,2560,
1644423470,2561,
1644423470,2562,
1644423471,2563,
1644423471,2564,
1644423471,2565,
1644423471,2566,
1644423471,2567,
1644423471,2568,
1644423471,2569,
1644423471,2570,
1644423471,2571,
1644423471,2572,
1644423472,2573,
1644423472,2574,
1644423472,2575,
1644423472,2576,
1644423472,2577,
1644423472,2578,
1644423472,2579,
1644423473,2580,
1644423473,2581,
1644423473,2582,
1644423473,2583,
1644423473,2584,
1644423473,2585,
1644423473,2586,
1644423473,2587,
1644423474,2588,
1644423474,2589,
1644423474,2590,
1644423474,2591,
1644423474,2592,
1644423474,2593,
1644423474,2594,
1644423475,2595,
1644423475,2596,
1644423475,2597,
1644423475,2598,
1644423475,2599,
1644423475,2600,
1644423475,2601,
1644423476,2602,
1644423476,2603,
1644423476,2604,
1644423476,2605,
1644423476,2606,
1644423476,2607,
1644423476,2608,
1644423476,2609,
1644423477,2610,
1644423477,2611,
1644423477,2612,
1644423477,2613,
1644423477,2614,job1001_scenario1_2614,
1644423477,2615,job1001_scenario1_2614,
1644423477,2616,job1001_scenario1_2614,
1644423478,2617,job1001_scenario1_2614,
1644423478,2618,
1644423478,2619,
1644423478,2620,
1644423478,2621,
1644423478,2622,
1644423478,2623,
1644423478,2624,
1644423479,2625,
1644423479,2626,
1644423479,2627,
1644423479,2628,
1644423479,2629,
1644423479,2630,
1644423479,2631,
1644423479,2632,
1644423479,2633,
1644423480,2634,
1644423480,2635,
1644423480,2636,
1644423480,2637,
1644423480,2638,
1644423480,2639,
1644423480,2640,
1644423481,2641,
1644423481,2642,job1007_scenario0_2642,
1644423481,2643,job1007_scenario0_2642,
1644423481,2644,job1007_scenario0_2642,
1644423481,2645,
1644423481,2646,
1644423482,2647,
1644423482,2648,
1644423482,2649,
1644423482,2650,
1644423482,2651,
1644423483,2652,
1644423483,2653,
1644423483,2654,
1644423483,2655,
1644423483,2656,
1644423483,2657,
1644423484,2658,
1644423484,2659,
1644423484,2660,
1644423484,2661,
1644423484,2662,
1644423484,2663,
1644423484,2664,job1012_scenario1_2664,
1644423484,2665,job1012_scenario1_2664,
1644423484,2666,
1644423484,2667,
1644423484,2668,
1644423484,2669,
1644423485,2670,
1644423485,2671,
1644423485,2672,
1644423485,2673,
1644423485,2674,
1644423485,2675,
1644423485,2676,job1016_scenario0_2676,
1644423485,2677,job1016_scenario0_2676,
1644423485,2678,job1016_scenario0_2676,
1644423485,2679,job1016_scenario0_2676,
1644423486,2680,job1016_scenario0_2676,
1644423486,2681,
1644423486,2682,
1644423486,2683,
1644423486,2684,
1644423486,2685,
1644423486,2686,
1644423486,2687,job1017_scenario0_2687,
1644423486,2688,job1017_scenario0_2687,
1644423486,2689,
1644423486,2690,
1644423486,2691,
1644423487,2692,
1644423487,2693,
1644423487,2694,job1018_scenario0_2694,
1644423487,2695,job1018_scenario0_2694,
1644423487,2696,
1644423487,2697,
1644423487,2698,
1644423487,2699,
1644423487,2700,
1644423487,2701,
1644423487,2702,
1644423488,2703,
1644423488,2704,
1644423488,2705,
1644423488,2706,
1644423488,2707,
1644423488,2708,
1644423488,2709,
1644423488,2710,
1644423488,2711,
1644423488,2712,
1644423488,2713,
1644423489,2714,
1644423489,2715,
1644423489,2716,
1644423489,2717,
1644423489,2718,
1644423489,2719,
1644423489,2720,
1644423489,2721,
1644423489,2722,
1644423489,2723,
1644423489,2724,
1644423490,2725,
1644423490,2726,
1644423490,2727,
1644423490,2728,
1644423490,2729,
1644423490,2730,
1644423490,2731,
1644423490,2732,
1644423490,2733,
1644423490,2734,
1644423490,2735,
1644423490,2736,
1644423490,2737,
1644423491,2738,
1644423491,2739,
1644423491,2740,
1644423491,2741,
1644423491,2742,
1644423491,2743,
1644423491,2744,
1644423491,2745,
1644423491,2746,
1644423491,2747,
1644423491,2748,
1644423491,2749,
1644423492,2750,
1644423492,2751,
1644423492,2752,
1644423492,2753,
1644423492,2754,
1644423492,2755,
1644423492,2756,
1644423492,2757,
1644423492,2758,
1644423492,2759,
1644423493,2760,
1644423493,2761,
1644423493,2762,
1644423493,2763,
1644423493,2764,
1644423494,2765,
1644423494,2766,
1644423494,2767,
1644423494,2768,
1644423494,2769,
1644423494,2770,
1644423494,2771,
1644423494,2772,
1644423494,2773,
1644423494,2774,
1644423495,2775,
1644423495,2776,job1036_scenario0_2776,
1644423495,2777,job1036_scenario0_2776,
1644423495,2778,job1036_scenario0_2776,
1644423495,2779,
1644423495,2780,
1644423495,2781,
1644423495,2782,
1644423495,2783,
1644423495,2784,
1644423495,2785,job1039_scenario0_2785,
1644423496,2786,
1644423496,2787,
1644423496,2788,
1644423496,2789,
1644423496,2790,
1644423496,2791,
1644423496,2792,
1644423496,2793,
1644423496,2794,
1644423496,2795,
1644423496,2796,
1644423497,2797,
1644423497,2798,
1644423497,2799,
1644423497,2800,
1644423497,2801,
1644423497,2802,
1644423497,2803,
1644423497,2804,
1644423497,2805,
1644423497,2806,
1644423497,2807,
1644423497,2808,
1644423498,2809,
1644423498,2810,
1644423498,2811,
1644423498,2812,
1644423498,2813,
1644423498,2814,
1644423498,2815,
1644423498,2816,
1644423498,2817,
1644423498,2818,
1644423498,2819,
1644423498,2820,
1644423498,2821,
1644423498,2822,
1644423499,2823,
1644423499,2824,
1644423499,2825,
1644423499,2826,
1644423499,2827,
1644423499,2828,
1644423499,2829,
1644423499,2830,
1644423499,2831,
1644423499,2832,
1644423499,2833,
1644423499,2834,
1644423500,2835,
1644423500,2836,
1644423500,2837,
1644423500,2838,
1644423500,2839,
1644423500,2840,
1644423500,2841,
1644423501,2842,
1644423501,2843,job1051_scenario1_2843,
1644423501,2844,job1051_scenario1_2843,
1644423501,2845,job1051_scenario1_2843,
1644423501,2846,job1051_scenario1_2843,
1644423501,2847,
1644423501,2848,
1644423501,2849,
1644423501,2850,job1052_scenario1_2850,
1644423502,2851,job1052_scenario1_2850,
1644423502,2852,
1644423502,2853,
1644423502,2854,
1644423502,2855,
1644423502,2856,
1644423502,2857,
1644423502,2858,
1644423502,2859,
1644423502,2860,
1644423502,2861,
1644423502,2862,
1644423503,2863,
1644423503,2864,
1644423503,2865,
1644423503,2866,
1644423503,2867,
1644423503,2868,
1644423503,2869,
1644423503,2870,
1644423503,2871,
1644423503,2872,
1644423503,2873,
1644423503,2874,
1644423503,2875,
1644423503,2876,
1644423504,2877,
1644423504,2878,
1644423504,2879,
1644423504,2880,
1644423504,2881,
1644423504,2882,
1644423504,2883,
1644423504,2884,
1644423504,2885,
1644423504,2886,
1644423504,2887,
1644423504,2888,
1644423504,2889,
1644423505,2890,
1644423505,2891,
1644423505,2892,
1644423505,2893,
1644423505,2894,
1644423505,2895,
1644423505,2896,
1644423505,2897,
1644423505,2898,
1644423505,2899,
1644423505,2900,
1644423505,2901,
1644423506,2902,
1644423506,2903,
1644423506,2904,
1644423506,2905,
1644423506,2906,
1644423506,2907,
1644423506,2908,
1644423506,2909,
1644423506,2910,
1644423507,2911,
1644423507,2912,
1644423507,2913,
1644423507,2914,
1644423507,2915,
1644423507,2916,
1644423507,2917,
1644423507,2918,
1644423507,2919,
1644423507,2920,
1644423507,2921,
1644423507,2922,
1644423507,2923,
1644423507,2924,
1644423507,2925,
1644423508,2926,
1644423508,2927,
1644423508,2928,
1644423508,2929,
1644423508,2930,
1644423508,2931,
1644423508,2932,
1644423508,2933,
1644423508,2934,
1644423509,2935,
1644423509,2936,
1644423509,2937,
1644423509,2938,
1644423509,2939,
1644423509,2940,
1644423509,2941,
1644423509,2942,
1644423509,2943,
1644423509,2944,
1644423509,2945,
1644423509,2946,
1644423510,2947,
1644423510,2948,
1644423510,2949,
1644423510,2950,
1644423510,2951,
1644423510,2952,
1644423510,2953,
1644423510,2954,
1644423510,2955,
1644423510,2956,
1644423510,2957,
1644423510,2958,job1067_scenario0_2958,
1644423510,2959,job1067_scenario0_2958,
1644423510,2960,
1644423510,2961,
1644423511,2962,
1644423511,2963,
1644423511,2964,
1644423511,2965,
1644423511,2966,
1644423511,2967,
1644423511,2968,
1644423511,2969,
1644423511,2970,
1644423511,2971,
1644423511,2972,
1644423511,2973,
1644423511,2974,
1644423511,2975,
1644423511,2976,
1644423512,2977,
1644423512,2978,
1644423512,2979,
1644423512,2980,
1644423512,2981,
1644423512,2982,
1644423512,2983,
1644423512,2984,
1644423512,2985,
1644423512,2986,
1644423512,2987,
1644423512,2988,
1644423512,2989,
1644423513,2990,
1644423513,2991,
1644423513,2992,
1644423513,2993,
1644423513,2994,
1644423513,2995,
1644423514,2996,
1644423514,2997,
1644423514,2998,
1644423514,2999,
1644423514,3000,
1644423514,3001,
1644423514,3002,
1644423514,3003,
1644423514,3004,
1644423514,3005,
1644423515,3006,
1644423515,3007,
1644423515,3008,
1644423515,3009,
1644423515,3010,
1644423515,3011,
1644423515,3012,
1644423515,3013,
1644423515,3014,
1644423515,3015,
1644423515,3016,
1644423515,3017,
1644423515,3018,
1644423515,3019,
1644423515,3020,
1644423516,3021,
1644423516,3022,
1644423516,3023,
1644423516,3024,
1644423516,3025,
1644423516,3026,
1644423517,3027,
1644423517,3028,
1644423517,3029,
1644423517,3030,
1644423517,3031,
1644423517,3032,
1644423517,3033,
1644423517,3034,
1644423517,3035,
1644423517,3036,
1644423518,3037,
1644423518,3038,
1644423518,3039,
1644423518,3040,
1644423518,3041,
1644423518,3042,
1644423518,3043,
1644423518,3044,
1644423518,3045,
1644423518,3046,
1644423518,3047,
1644423518,3048,
1644423518,3049,
1644423518,3050,
1644423518,3051,
1644423518,3052,
1644423519,3053,
1644423519,3054,
1644423519,3055,
1644423519,3056,
1644423519,3057,
1644423519,3058,
1644423519,3059,
1644423519,3060,
1644423519,3061,
1644423519,3062,
1644423519,3063,
1644423519,3064,
1644423519,3065,
1644423519,3066,
1644423520,3067,
1644423520,3068,
1644423520,3069,
1644423520,3070,
1644423520,3071,
1644423520,3072,
1644423520,3073,
1644423520,3074,
1644423520,3075,
1644423520,3076,
1644423520,3077,
1644423520,3078,
1644423520,3079,
1644423520,3080,
1644423521,3081,
1644423521,3082,
1644423521,3083,
1644423521,3084,
1644423521,3085,
1644423521,3086,
1644423521,3087,
1644423522,3088,
1644423522,3089,
1644423522,3090,
1644423522,3091,
1644423522,3092,
1644423522,3093,
1644423522,3094,
1644423522,3095,
1644423522,3096,
1644423522,3097,
1644423522,3098,
1644423522,3099,
1644423522,3100,
1644423522,3101,
1644423522,3102,
1644423522,3103,
1644423522,3104,
1644423522,3105,
1644423522,3106,
1644423523,3107,
1644423523,3108,
1644423523,3109,
1644423523,3110,
1644423523,3111,
1644423523,3112,
1644423523,3113,
1644423523,3114,
1644423523,3115,
1644423523,3116,
1644423523,3117,
1644423523,3118,
1644423523,3119,
1644423523,3120,
1644423523,3121,
1644423523,3122,
1644423523,3123,
1644423523,3124,
1644423524,3125,
1644423524,3126,
1644423524,3127,
1644423524,3128,
1644423524,3129,
1644423524,3130,job1092_scenario1_3130,
1644423524,3131,job1092_scenario1_3130,
1644423524,3132,
1644423524,3133,
1644423525,3134,
1644423525,3135,
1644423525,3136,
1644423525,3137,
1644423525,3138,
1644423525,3139,
1644423525,3140,
1644423525,3141,
1644423525,3142,
1644423525,3143,
1644423525,3144,
1644423526,3145,
1644423526,3146,
1644423526,3147,
1644423526,3148,
1644423526,3149,
1644423526,3150,
1644423526,3151,
1644423526,3152,
1644423526,3153,
1644423526,3154,
1644423526,3155,
1644423526,3156,
1644423526,3157,
1644423526,3158,
1644423526,3159,
1644423526,3160,
1644423527,3161,
1644423527,3162,
1644423527,3163,
1644423527,3164,
1644423527,3165,
1644423527,3166,
1644423527,3167,
1644423527,3168,
1644423527,3169,
1644423527,3170,
1644423527,3171,
1644423527,3172,
1644423527,3173,
1644423527,3174,
1644423527,3175,
1644423527,3176,
1644423527,3177,
1644423528,3178,
1644423528,3179,job1099_scenario0_3179,
1644423528,3180,job1099_scenario0_3179,
1644423528,3181,
1644423528,3182,
1644423528,3183,
1644423528,3184,
1644423528,3185,
1644423528,3186,
1644423528,3187,
1644423528,3188,
1644423528,3189,
1644423529,3190,
1644423529,3191,
1644423529,3192,
1644423529,3193,
1644423529,3194,
1644423529,3195,
1644423529,3196,
1644423529,3197,
1644423529,3198,
1644423529,3199,
1644423529,3200,job1102_scenario1_3200,
1644423529,3201,job1102_scenario1_3200,
1644423529,3202,job1102_scenario1_3200,
1644423529,3203,job1102_scenario1_3200,
1644423530,3204,job1102_scenario1_3200,
1644423530,3205,
1644423530,3206,
1644423530,3207,
1644423530,3208,
1644423530,3209,
1644423530,3210,
1644423530,3211,
1644423530,3212,
1644423530,3213,
1644423530,3214,
1644423530,3215,
1644423531,3216,
1644423531,3217,
1644423531,3218,
1644423531,3219,
1644423531,3220,
1644423531,3221,
1644423531,3222,
1644423531,3223,
1644423531,3224,
1644423531,3225,
1644423531,3226,
1644423531,3227,
1644423531,3228,job1108_scenario1_3228,
1644423531,3229,job1108_scenario1_3228,
1644423532,3230,job1108_scenario1_3228,
1644423532,3231,job1108_scenario1_3228,
1644423532,3232,
1644423532,3233,
1644423532,3234,
1644423532,3235,
1644423532,3236,
1644423532,3237,
1644423532,3238,
1644423532,3239,
1644423532,3240,
1644423532,3241,
1644423532,3242,
1644423532,3243,
1644423532,3244,
1644423532,3245,
1644423532,3246,
1644423532,3247,
1644423533,3248,
1644423533,3249,
1644423533,3250,job1111_scenario0_3250,
1644423533,3251,
1644423533,3252,
1644423533,3253,
1644423533,3254,
1644423533,3255,
1644423533,3256,
1644423533,3257,
1644423533,3258,
1644423533,3259,
1644423533,3260,
1644423533,3261,
1644423533,3262,
1644423534,3263,
1644423534,3264,
1644423534,3265,
1644423534,3266,
1644423534,3267,
1644423534,3268,
1644423534,3269,
1644423534,3270,
1644423534,3271,
1644423534,3272,
1644423534,3273,
1644423534,3274,
1644423534,3275,
1644423534,3276,
1644423534,3277,
1644423534,3278,
1644423534,3279,
1644423534,3280,
1644423534,3281,
1644423535,3282,
1644423535,3283,
1644423535,3284,
1644423535,3285,
1644423535,3286,
1644423535,3287,
1644423535,3288,
1644423535,3289,
1644423535,3290,
1644423535,3291,
1644423535,3292,
1644423536,3293,
1644423536,3294,
1644423536,3295,
1644423536,3296,
1644423536,3297,
1644423536,3298,
1644423536,3299,
1644423536,3300,
1644423536,3301,
1644423537,3302,
1644423537,3303,
1644423537,3304,
1644423537,3305,
1644423537,3306,
1644423537,3307,
1644423537,3308,
1644423537,3309,
1644423537,3310,
1644423537,3311,
1644423537,3312,
1644423537,3313,
1644423537,3314,
1644423538,3315,
1644423538,3316,
1644423538,3317,
1644423538,3318,
1644423538,3319,
1644423538,3320,
1644423538,3321,
1644423538,3322,
1644423538,3323,
1644423538,3324,
1644423538,3325,
1644423538,3326,
1644423538,3327,
1644423538,3328,
1644423538,3329,
1644423538,3330,
1644423539,3331,
1644423539,3332,
1644423539,3333,
1644423539,3334,
1644423539,3335,
1644423539,3336,
1644423539,3337,
1644423539,3338,
1644423539,3339,
1644423539,3340,
1644423539,3341,
1644423539,3342,
1644423540,3343,
1644423540,3344,
1644423540,3345,
1644423540,3346,
1644423540,3347,
1644423540,3348,
1644423540,3349,
1644423540,3350,
1644423540,3351,
1644423540,3352,
1644423540,3353,
1644423540,3354,
1644423540,3355,
1644423540,3356,
1644423540,3357,
1644423540,3358,
1644423540,3359,
1644423540,3360,
1644423541,3361,
1644423541,3362,
1644423541,3363,
1644423541,3364,
1644423541,3365,
1644423541,3366,
1644423541,3367,
1644423541,3368,
1644423541,3369,
1644423541,3370,
1644423541,3371,
1644423541,3372,
1644423541,3373,
1644423541,3374,
1644423541,3375,
1644423541,3376,
1644423542,3377,
1644423542,3378,
1644423542,3379,
1644423542,3380,
1644423542,3381,
1644423542,3382,
1644423542,3383,
1644423542,3384,
1644423542,3385,
1644423543,3386,
1644423543,3387,
1644423543,3388,
1644423543,3389,
1644423543,3390,
1644423543,3391,
1644423543,3392,
1644423543,3393,
1644423543,3394,
1644423543,3395,
1644423543,3396,
1644423543,3397,
1644423543,3398,
1644423543,3399,
1644423543,3400,
1644423543,3401,
1644423543,3402,
1644423544,3403,
1644423544,3404,
1644423544,3405,
1644423544,3406,
1644423544,3407,
1644423544,3408,
1644423544,3409,
1644423544,3410,
1644423544,3411,
1644423544,3412,
1644423544,3413,
1644423544,3414,
1644423544,3415,
1644423544,3416,
1644423544,3417,
1644423545,3418,
1644423545,3419,
1644423545,3420,job1131_scenario0_3420,
1644423545,3421,job1131_scenario0_3420,
1644423545,3422,job1131_scenario0_3420,
1644423545,3423,job1131_scenario0_3420,
1644423545,3424,job1131_scenario0_3420,
1644423545,3425,
1644423545,3426,
1644423545,3427,
1644423545,3428,
1644423545,3429,
1644423545,3430,
1644423545,3431,
1644423545,3432,
1644423545,3433,
1644423546,3434,
1644423546,3435,
1644423546,3436,
1644423546,3437,
1644423546,3438,
1644423546,3439,
1644423546,3440,
1644423546,3441,
1644423546,3442,
1644423546,3443,
1644423546,3444,
1644423546,3445,
1644423546,3446,
1644423546,3447,
1644423546,3448,
1644423546,3449,
1644423547,3450,
1644423547,3451,
1644423547,3452,
1644423547,3453,
1644423547,3454,
1644423547,3455,
1644423547,3456,
1644423547,3457,
1644423547,3458,
1644423547,3459,
1644423547,3460,
1644423547,3461,
1644423547,3462,
1644423547,3463,
1644423547,3464,
1644423547,3465,
1644423547,3466,
1644423547,3467,
1644423547,3468,
1644423547,3469,
1644423548,3470,
1644423548,3471,
1644423548,3472,
1644423548,3473,
1644423548,3474,
1644423548,3475,
1644423548,3476,
1644423548,3477,
1644423548,3478,
1644423548,3479,
1644423548,3480,
1644423548,3481,
1644423548,3482,
1644423548,3483,
1644423548,3484,
1644423548,3485,
1644423549,3486,
1644423549,3487,
1644423549,3488,
1644423549,3489,
1644423549,3490,
1644423549,3491,
1644423549,3492,
1644423549,3493,
1644423549,3494,
1644423549,3495,
1644423549,3496,
1644423549,3497,
1644423549,3498,
1644423549,3499,job1139_scenario2_3499,
1644423549,3500,
1644423550,3501,
1644423550,3502,
1644423550,3503,
1644423550,3504,
1644423550,3505,
1644423550,3506,
1644423550,3507,
1644423550,3508,
1644423550,3509,
1644423550,3510,
1644423550,3511,
1644423550,3512,
1644423550,3513,
1644423551,3514,
1644423551,3515,
1644423551,3516,
1644423551,3517,
1644423551,3518,
1644423551,3519,
1644423551,3520,
1644423551,3521,
1644423551,3522,
1644423551,3523,
1644423551,3524,
1644423551,3525,
1644423551,3526,
1644423551,3527,
1644423551,3528,
1644423552,3529,
1644423552,3530,
1644423552,3531,
1644423552,3532,
1644423552,3533,
1644423552,3534,
1644423552,3535,
1644423552,3536,
1644423552,3537,
1644423552,3538,
1644423552,3539,
1644423552,3540,
1644423552,3541,
1644423552,3542,
1644423552,3543,
1644423553,3544,
1644423553,3545,
1644423553,3546,
1644423553,3547,
1644423553,3548,
1644423553,3549,
1644423553,3550,
1644423553,3551,job1152_scenario2_3551,
1644423553,3552,
1644423553,3553,
1644423553,3554,
1644423553,3555,
1644423553,3556,
1644423553,3557,
1644423553,3558,
1644423553,3559,
1644423553,3560,
1644423554,3561,
1644423554,3562,
1644423554,3563,
1644423554,3564,
1644423554,3565,
1644423554,3566,
1644423554,3567,
1644423554,3568,
1644423554,3569,
1644423554,3570,
1644423554,3571,
1644423554,3572,job1155_scenario0_3572,
1644423554,3573,job1155_scenario0_3572,
1644423554,3574,job1155_scenario0_3572,
1644423554,3575,job1155_scenario0_3572,
1644423554,3576,job1155_scenario0_3572,
1644423554,3577,
1644423554,3578,
1644423554,3579,
1644423554,3580,
1644423554,3581,
1644423555,3582,
1644423555,3583,
1644423555,3584,
1644423555,3585,
1644423555,3586,
1644423555,3587,
1644423555,3588,job1159_scenario0_3588,
1644423555,3589,job1159_scenario0_3588,
1644423555,3590,job1159_scenario0_3588,
1644423555,3591,job1159_scenario0_3588,
1644423555,3592,
1644423555,3593,
1644423555,3594,
1644423555,3595,
1644423555,3596,
1644423555,3597,
1644423555,3598,job1160_scenario0_3598,
1644423555,3599,job1160_scenario0_3598,
1644423555,3600,job1160_scenario0_3598,
1644423555,3601,
1644423555,3602,
1644423555,3603,
1644423555,3604,
1644423555,3605,
1644423556,3606,
1644423556,3607,
1644423556,3608,
1644423556,3609,
1644423556,3610,
1644423556,3611,
1644423556,3612,
1644423556,3613,
1644423556,3614,
1644423556,3615,
1644423556,3616,
1644423556,3617,
1644423556,3618,
1644423556,3619,
1644423556,3620,
1644423556,3621,
1644423556,3622,
1644423556,3623,
1644423556,3624,
1644423556,3625,
1644423556,3626,
1644423556,3627,
1644423556,3628,
1644423556,3629,
1644423557,3630,
1644423557,3631,
1644423557,3632,
1644423557,3633,
1644423557,3634,
1644423557,3635,
1644423557,3636,
1644423557,3637,
1644423557,3638,
1644423557,3639,
