RecordTimeStamp,JobId,WorkerId,JobArrivalTick,JobAssignmentTick,JobFetchTick,JobStartByOperatorTime,JobActiveTime,JobRemainingTime,CleanWorkingTime,JobEndByOperatorTime,WorkerFreeAgainTick
1644425415,job0_scenario1_1,B54,1,2,2,2,4,0,4,6,7,
1644425415,job2_scenario1_5,B54,5,7,7,7,3,0,3,10,11,
1644425415,job4_scenario3_10,B11,10,13,13,13,1,0,1,14,15,
1644425415,job3_scenario1_8,B54,8,12,12,12,7,0,7,19,20,
1644425415,job7_scenario4_17,os4,17,20,20,20,2,0,2,22,23,
1644425415,job5_scenario0_11,B51,11,12,12,12,11,0,11,23,24,
1644425415,job10_scenario2_21,B33,21,23,23,23,2,0,2,25,26,
1644425416,job9_scenario1_19,B54,19,26,26,26,9,0,9,35,36,
1644425416,job14_scenario2_35,B33,35,36,36,36,3,0,3,39,40,
1644425416,job18_scenario2_43,B33,43,44,44,44,2,0,2,46,47,
1644425416,job16_scenario1_38,B54,38,47,47,47,3,0,3,50,51,
1644425416,job21_scenario3_48,B11,48,51,51,51,4,0,4,55,56,
1644425416,job15_scenario0_37,B51,37,48,48,48,11,0,11,59,60,
1644425417,job22_scenario1_49,B54,49,59,59,59,4,0,4,63,64,
1644425417,job27_scenario3_57,B11,57,61,61,61,4,0,4,65,66,
1644425417,job31_scenario1_63,B14,63,64,64,64,7,0,7,71,72,
1644425417,job12_scenario0_24,B51,24,64,64,64,7,0,7,71,72,
1644425417,job25_scenario1_55,B54,55,66,66,66,6,0,6,72,73,
1644425417,job29_scenario1_60,B54,60,72,72,72,5,0,5,77,78,
1644425417,job30_scenario1_62,B54,62,74,74,74,5,0,5,79,80,
1644425417,job35_scenario1_70,B54,70,83,83,83,7,0,7,90,91,
1644425417,job42_scenario3_83,B11,83,86,86,86,5,0,5,91,92,
1644425418,job41_scenario4_82,os4,82,86,86,86,9,0,9,95,96,
1644425418,job37_scenario1_77,B54,77,91,91,91,5,0,5,96,97,
1644425418,job32_scenario0_64,B51,64,86,86,86,12,0,12,98,99,
1644425418,job46_scenario3_91,B11,91,94,94,94,4,0,4,98,99,
1644425418,job48_scenario2_94,B33,94,97,97,97,4,0,4,101,102,
1644425418,job49_scenario1_95,B14,95,96,96,96,6,0,6,102,103,
1644425418,job45_scenario2_90,B33,90,118,118,118,1,0,1,119,120,
1644425418,job56_scenario2_117,B33,117,120,120,120,1,0,1,121,122,
1644425419,job52_scenario1_103,B54,103,120,120,120,5,0,5,125,126,
1644425419,job53_scenario2_104,B33,104,123,123,123,6,0,6,129,130,
1644425419,job60_scenario1_128,B14,128,129,129,129,7,0,7,136,137,
1644425419,job57_scenario1_121,B54,121,135,135,135,6,0,6,141,142,
1644425419,job54_scenario2_114,B33,114,141,141,141,5,0,5,146,147,
1644425419,job64_scenario4_136,os4,136,142,142,142,4,0,4,146,147,
1644425419,job67_scenario2_145,B33,145,146,146,146,3,0,3,149,150,
1644425420,job61_scenario1_130,B54,130,150,150,150,7,0,7,157,158,
1644425420,job71_scenario3_152,B11,152,158,158,158,1,0,1,159,160,
1644425420,job58_scenario1_126,B54,126,160,160,160,5,0,5,165,166,
1644425421,job70_scenario0_150,B51,150,161,161,161,11,0,11,172,173,
1644425421,job66_scenario1_143,B14,143,163,163,163,10,0,10,173,174,
1644425421,job79_scenario1_165,B54,165,166,166,166,7,0,7,173,174,
1644425421,job83_scenario2_169,B33,169,170,170,170,3,0,3,173,174,
1644425421,job78_scenario4_164,os4,164,170,170,170,7,0,7,177,178,
1644425421,job91_scenario2_180,B33,180,181,181,181,5,0,5,186,187,
1644425421,job89_scenario1_177,B14,177,182,182,182,5,0,5,187,188,
1644425421,job90_scenario3_179,B11,179,185,185,185,2,0,2,187,188,
1644425422,job87_scenario2_175,B33,175,190,190,190,3,0,3,193,194,
1644425422,job85_scenario0_171,B51,171,182,182,182,14,0,14,196,197,
1644425422,job92_scenario0_181,B54,181,182,182,182,17,0,17,199,200,
1644425422,job96_scenario1_190,B14,190,191,191,191,8,0,8,199,200,
1644425422,job97_scenario3_192,B11,192,198,198,198,3,0,3,201,202,
1644425422,job99_scenario2_195,B33,195,196,196,196,9,0,9,205,206,
1644425422,job86_scenario1_174,B54,174,199,199,199,10,0,10,209,210,
1644425422,job103_scenario3_201,B11,201,207,207,207,2,0,2,209,210,
1644425422,job76_scenario0_160,B51,160,200,200,200,10,0,10,210,211,
1644425423,job84_scenario0_170,B51,170,211,211,211,12,0,12,223,224,
1644425423,job93_scenario1_182,B54,182,222,222,222,6,0,6,228,229,
1644425423,job109_scenario2_228,B33,228,229,229,229,2,0,2,231,232,
1644425423,job98_scenario0_193,B51,193,226,226,226,11,0,11,237,238,
1644425423,job112_scenario3_232,B11,232,238,238,238,6,0,6,244,245,
1644425424,job116_scenario3_242,B11,242,249,249,249,1,0,1,250,251,
1644425424,job115_scenario4_239,os4,239,245,245,245,6,0,6,251,252,
1644425424,job106_scenario1_220,B54,220,250,250,250,6,0,6,256,257,
1644425424,job105_scenario0_211,B51,211,249,249,249,11,0,11,260,261,
1644425425,job107_scenario1_225,B54,225,257,257,257,8,0,8,265,266,
1644425425,job123_scenario4_262,os4,262,268,268,268,2,0,2,270,271,
1644425425,job114_scenario1_236,B54,236,269,269,269,4,0,4,273,274,
1644425425,job129_scenario2_273,B33,273,278,278,278,2,0,2,280,281,
1644425426,job126_scenario0_268,B54,268,276,276,276,14,0,14,290,291,
1644425426,job120_scenario1_256,B14,256,281,281,281,11,0,11,292,293,
1644425426,job131_scenario1_275,B54,275,291,291,291,5,0,5,296,297,
1644425427,job132_scenario0_276,B51,276,288,288,288,12,0,12,300,301,
1644425427,job125_scenario1_266,B14,266,298,298,298,7,0,7,305,306,
1644425427,job142_scenario0_295,B54,295,300,300,300,13,0,13,313,314,
1644425427,job124_scenario0_263,B51,263,303,303,303,14,0,14,317,318,
1644425427,job135_scenario1_281,B14,281,309,309,309,9,0,9,318,319,
1644425428,job148_scenario1_311,B54,311,316,316,316,5,0,5,321,322,
1644425428,job133_scenario2_278,B33,278,319,319,319,5,0,5,324,325,
1644425428,job136_scenario1_283,B54,283,322,322,322,5,0,5,327,328,
1644425428,job146_scenario3_305,B11,305,330,330,330,2,0,2,332,333,
1644425429,job149_scenario1_312,B14,312,328,328,328,9,0,9,337,338,
1644425429,job143_scenario1_297,B54,297,337,337,337,4,0,4,341,342,
1644425429,job153_scenario3_320,B11,320,344,344,344,3,0,3,347,348,
1644425429,job164_scenario0_339,B54,339,342,342,342,12,0,12,354,355,
1644425430,job158_scenario4_332,os4,332,355,355,355,2,0,2,357,358,
1644425430,job161_scenario4_335,os4,335,357,357,357,4,0,4,361,362,
1644425430,job165_scenario3_342,B11,342,361,361,361,2,0,2,363,364,
1644425430,job163_scenario1_338,B54,338,359,359,359,6,0,6,365,366,
1644425431,job155_scenario1_328,B54,328,366,366,366,4,0,4,370,371,
1644425431,job178_scenario2_365,B33,365,367,367,367,4,0,4,371,372,
1644425432,job173_scenario3_355,B11,355,374,374,374,1,0,1,375,376,
1644425432,job162_scenario1_336,B54,336,370,370,370,6,0,6,376,377,
1644425432,job184_scenario2_372,B33,372,375,375,375,3,0,3,378,379,
1644425432,job156_scenario0_329,B51,329,370,370,370,12,0,12,382,383,
1644425432,job176_scenario1_363,B54,363,388,388,388,4,0,4,392,393,
1644425433,job192_scenario1_391,B54,391,393,393,393,7,0,7,400,401,
1644425433,job174_scenario0_359,B51,359,387,387,387,14,0,14,401,402,
1644425433,job195_scenario1_394,B54,394,403,403,403,4,0,4,407,408,
1644425433,job188_scenario4_382,os4,382,404,404,404,4,0,4,408,409,
1644425434,job179_scenario1_366,B14,366,404,404,404,8,0,8,412,413,
1644425434,job177_scenario0_364,B51,364,401,401,401,12,0,12,413,414,
1644425434,job183_scenario1_371,B54,371,408,408,408,7,0,7,415,416,
1644425434,job205_scenario2_411,B33,411,412,412,412,3,0,3,415,416,
1644425434,job206_scenario2_412,B33,412,415,415,415,2,0,2,417,418,
1644425435,job210_scenario2_417,B33,417,418,418,418,3,0,3,421,422,
1644425435,job187_scenario1_379,B54,379,420,420,420,6,0,6,426,427,
1644425435,job185_scenario0_374,B51,374,414,414,414,13,0,13,427,428,
1644425436,job197_scenario1_397,B54,397,428,428,428,8,0,8,436,437,
1644425436,job199_scenario1_402,B54,402,440,440,440,3,0,3,443,444,
1644425436,job223_scenario2_441,B33,441,442,442,442,2,0,2,444,445,
1644425437,job202_scenario4_408,os4,408,443,443,443,5,0,5,448,449,
1644425437,job209_scenario0_415,B51,415,434,434,434,15,0,15,449,450,
1644425437,job208_scenario3_414,B11,414,443,443,443,6,0,6,449,450,
1644425437,job225_scenario4_445,os4,445,449,449,449,3,0,3,452,453,
1644425437,job226_scenario1_447,B14,447,448,448,448,8,0,8,456,457,
1644425437,job215_scenario4_430,os4,430,452,452,452,5,0,5,457,458,
1644425438,job230_scenario2_452,B33,452,453,453,453,6,0,6,459,460,
1644425438,job212_scenario3_423,B11,423,459,459,459,3,0,3,462,463,
1644425438,job231_scenario4_454,os4,454,458,458,458,5,0,5,463,464,
1644425438,job220_scenario0_438,B54,438,450,450,450,14,0,14,464,465,
1644425439,job217_scenario1_433,B54,433,465,465,465,7,0,7,472,473,
1644425439,job214_scenario0_429,B51,429,467,467,467,11,0,11,478,479,
1644425440,job224_scenario2_443,B33,443,479,479,479,1,0,1,480,481,
1644425440,job237_scenario2_464,B33,464,480,480,480,2,0,2,482,483,
1644425440,job242_scenario1_470,B14,470,479,479,479,6,0,6,485,486,
1644425440,job221_scenario0_439,B54,439,475,475,475,11,0,11,486,487,
1644425441,job248_scenario4_482,os4,482,486,486,486,5,0,5,491,492,
1644425441,job222_scenario0_440,B51,440,481,481,481,14,0,14,495,496,
1644425442,job228_scenario1_449,B54,449,489,489,489,9,0,9,498,499,
1644425442,job257_scenario4_494,os4,494,499,499,499,3,0,3,502,503,
1644425442,job234_scenario1_459,B14,459,497,497,497,6,0,6,503,504,
1644425442,job255_scenario1_491,B54,491,500,500,500,4,0,4,504,505,
1644425442,job261_scenario3_499,B11,499,503,503,503,1,0,1,504,505,
1644425442,job240_scenario0_468,B51,468,496,496,496,9,0,9,505,506,
1644425443,job247_scenario1_481,B54,481,505,505,505,2,0,2,507,508,
1644425443,job239_scenario1_467,B54,467,504,504,504,6,0,6,510,511,
1644425443,job266_scenario3_507,B11,507,511,511,511,3,0,3,514,515,
1644425444,job246_scenario0_480,B54,480,513,513,513,14,0,14,527,528,
1644425444,job249_scenario1_483,B14,483,519,519,519,9,0,9,528,529,
1644425445,job260_scenario1_497,B54,497,527,527,527,6,0,6,533,534,
1644425445,job251_scenario0_485,B51,485,519,519,519,15,0,15,534,535,
1644425445,job263_scenario2_501,B33,501,539,539,539,3,0,3,542,543,
1644425445,job281_scenario1_532,B54,532,537,537,537,6,0,6,543,544,
1644425446,job264_scenario2_503,B33,503,544,544,544,2,0,2,546,547,
1644425446,job271_scenario1_515,B54,515,546,546,546,5,0,5,551,552,
1644425446,job286_scenario3_545,B11,545,550,550,550,1,0,1,551,552,
1644425447,job272_scenario1_516,B14,516,547,547,547,7,0,7,554,555,
1644425447,job285_scenario1_542,B54,542,558,558,558,10,0,10,568,569,
1644425447,job275_scenario0_520,B51,520,551,551,551,18,0,18,569,570,
1644425448,job296_scenario2_569,B33,569,570,570,570,3,0,3,573,574,
1644425449,job279_scenario0_530,B51,530,571,571,571,14,0,14,585,586,
1644425449,job307_scenario2_585,B33,585,586,586,586,2,0,2,588,589,
1644425450,job309_scenario2_590,B33,590,591,591,591,1,0,1,592,593,
1644425450,job288_scenario1_547,B54,547,587,587,587,6,0,6,593,594,
1644425450,job308_scenario2_587,B33,587,592,592,592,2,0,2,594,595,
1644425450,job297_scenario1_570,B14,570,589,589,589,7,0,7,596,597,
1644425450,job313_scenario2_594,B33,594,595,595,595,1,0,1,596,597,
1644425451,job290_scenario0_552,B51,552,586,586,586,13,0,13,599,600,
1644425451,job303_scenario2_580,B33,580,598,598,598,2,0,2,600,601,
1644425451,job310_scenario2_591,B33,591,596,596,596,5,0,5,601,602,
1644425451,job315_scenario1_596,B14,596,598,598,598,7,0,7,605,606,
1644425452,job319_scenario2_608,B33,608,609,609,609,4,0,4,613,614,
1644425452,job301_scenario1_575,B54,575,609,609,609,7,0,7,616,617,
1644425453,job298_scenario0_571,B51,571,612,612,612,10,0,10,622,623,
1644425453,job321_scenario3_613,B11,613,618,618,618,5,0,5,623,624,
1644425454,job322_scenario1_615,B14,615,616,616,616,12,0,12,628,629,
1644425454,job305_scenario1_583,B54,583,622,622,622,7,0,7,629,630,
1644425454,job327_scenario4_622,os4,622,628,628,628,2,0,2,630,631,
1644425454,job306_scenario0_584,B51,584,625,625,625,10,0,10,635,636,
1644425454,job332_scenario1_630,B14,630,631,631,631,8,0,8,639,640,
1644425455,job316_scenario1_597,B54,597,638,638,638,6,0,6,644,645,
1644425455,job337_scenario2_644,B33,644,645,645,645,3,0,3,648,649,
1644425455,job320_scenario1_609,B54,609,646,646,646,4,0,4,650,651,
1644425455,job317_scenario1_599,B14,599,640,640,640,11,0,11,651,652,
1644425455,job339_scenario3_646,B11,646,651,651,651,1,0,1,652,653,
1644425456,job341_scenario3_650,B11,650,655,655,655,3,0,3,658,659,
1644425457,job343_scenario3_653,B11,653,658,658,658,4,0,4,662,663,
1644425457,job325_scenario0_619,B51,619,654,654,654,11,0,11,665,666,
1644425457,job326_scenario1_620,B54,620,661,661,661,5,0,5,666,667,
1644425457,job344_scenario4_656,os4,656,662,662,662,4,0,4,666,667,
1644425458,job346_scenario3_660,B11,660,665,665,665,5,0,5,670,671,
1644425458,job334_scenario2_635,B33,635,667,667,667,3,0,3,670,671,
1644425458,job351_scenario3_668,B11,668,673,673,673,2,0,2,675,676,
1644425459,job330_scenario0_628,B51,628,669,669,669,11,0,11,680,681,
1644425459,job353_scenario0_670,B54,670,671,671,671,10,0,10,681,682,
1644425459,job336_scenario2_641,B33,641,680,680,680,5,0,5,685,686,
1644425460,job340_scenario1_648,B54,648,688,688,688,3,0,3,691,692,
1644425460,job345_scenario2_658,B33,658,689,689,689,6,0,6,695,696,
1644425460,job338_scenario0_645,B51,645,683,683,683,14,0,14,697,698,
1644425461,job364_scenario2_697,B33,697,698,698,698,1,0,1,699,700,
1644425461,job359_scenario4_690,os4,690,696,696,696,6,0,6,702,703,
1644425461,job358_scenario2_689,B33,689,699,699,699,3,0,3,702,703,
1644425461,job347_scenario1_662,B54,662,696,696,696,7,0,7,703,704,
1644425462,job365_scenario3_698,B11,698,703,703,703,2,0,2,705,706,
1644425462,job369_scenario2_704,B33,704,705,705,705,3,0,3,708,709,
1644425463,job375_scenario2_712,B33,712,713,713,713,2,0,2,715,716,
1644425463,job371_scenario3_708,B11,708,714,714,714,1,0,1,715,716,
1644425464,job373_scenario1_710,B14,710,712,712,712,10,0,10,722,723,
1644425464,job376_scenario2_713,B33,713,716,716,716,6,0,6,722,723,
1644425465,job379_scenario1_717,B54,717,720,720,720,5,0,5,725,726,
1644425465,job378_scenario1_716,B54,716,725,725,725,3,0,3,728,729,
1644425465,job357_scenario1_687,B54,687,726,726,726,4,0,4,730,731,
1644425465,job380_scenario4_720,os4,720,724,724,724,7,0,7,731,732,
1644425465,job360_scenario1_691,B54,691,729,729,729,3,0,3,732,733,
1644425466,job385_scenario4_731,os4,731,737,737,737,2,0,2,739,740,
1644425467,job370_scenario1_707,B54,707,743,743,743,5,0,5,748,749,
1644425467,job372_scenario1_709,B54,709,750,750,750,4,0,4,754,755,
1644425468,job368_scenario0_702,B51,702,743,743,743,13,0,13,756,757,
1644425468,job390_scenario4_745,os4,745,751,751,751,6,0,6,757,758,
1644425468,job392_scenario3_749,B11,749,755,755,755,3,0,3,758,759,
1644425469,job381_scenario1_722,B54,722,763,763,763,4,0,4,767,768,
1644425469,job397_scenario4_760,os4,760,766,766,766,3,0,3,769,770,
1644425469,job383_scenario0_725,B51,725,766,766,766,8,0,8,774,775,
1644425470,job396_scenario1_757,B54,757,779,779,779,2,0,2,781,782,
1644425471,job388_scenario2_743,B33,743,784,784,784,3,0,3,787,788,
1644425471,job391_scenario2_748,B33,748,789,789,789,3,0,3,792,793,
1644425471,job395_scenario1_755,B54,755,791,791,791,4,0,4,795,796,
1644425472,job404_scenario3_785,B11,785,791,791,791,5,0,5,796,797,
1644425472,job403_scenario2_777,B33,777,798,798,798,3,0,3,801,802,
1644425472,job406_scenario3_792,B11,792,798,798,798,4,0,4,802,803,
1644425473,job410_scenario3_803,B11,803,809,809,809,1,0,1,810,811,
1644425473,job402_scenario1_774,B54,774,807,807,807,4,0,4,811,812,
1644425474,job414_scenario2_813,B33,813,814,814,814,3,0,3,817,818,
1644425474,job401_scenario1_773,B54,773,813,813,813,5,0,5,818,819,
1644425474,job405_scenario1_787,B54,787,819,819,819,2,0,2,821,822,
1644425475,job415_scenario3_815,B11,815,821,821,821,4,0,4,825,826,
1644425475,job411_scenario1_805,B54,805,823,823,823,5,0,5,828,829,
1644425475,job419_scenario2_825,B33,825,826,826,826,4,0,4,830,831,
1644425475,job418_scenario4_824,os4,824,828,828,828,3,0,3,831,832,
1644425476,job407_scenario1_793,B54,793,834,834,834,5,0,5,839,840,
1644425476,job424_scenario2_836,B33,836,837,837,837,3,0,3,840,841,
1644425477,job412_scenario1_810,B54,810,841,841,841,7,0,7,848,849,
1644425478,job427_scenario4_840,os4,840,843,843,843,6,0,6,849,850,
1644425478,job432_scenario3_849,B11,849,852,852,852,1,0,1,853,854,
1644425478,job431_scenario4_848,os4,848,851,851,851,5,0,5,856,857,
1644425479,job433_scenario2_850,B33,850,851,851,851,5,0,5,856,857,
1644425480,job420_scenario1_826,B54,826,866,866,866,5,0,5,871,872,
1644425480,job417_scenario0_822,B51,822,859,859,859,13,0,13,872,873,
1644425480,job439_scenario4_862,os4,862,865,865,865,9,0,9,874,875,
1644425481,job443_scenario3_869,B11,869,872,872,872,4,0,4,876,877,
1644425482,job428_scenario1_841,B54,841,879,879,879,3,0,3,882,883,
1644425483,job429_scenario1_843,B54,843,884,884,884,3,0,3,887,888,
1644425483,job449_scenario1_879,B54,879,882,882,882,7,0,7,889,890,
1644425483,job423_scenario0_834,B51,834,875,875,875,15,0,15,890,891,
1644425484,job455_scenario3_888,B11,888,892,892,892,3,0,3,895,896,
1644425484,job454_scenario4_887,os4,887,891,891,891,8,0,8,899,900,
1644425484,job456_scenario3_891,B11,891,895,895,895,5,0,5,900,901,
1644425484,job458_scenario2_896,B33,896,897,897,897,3,0,3,900,901,
1644425484,job441_scenario1_867,B54,867,893,893,893,10,0,10,903,904,
1644425485,job435_scenario0_854,B51,854,895,895,895,14,0,14,909,910,
1644425486,job465_scenario2_910,B33,910,911,911,911,1,0,1,912,913,
1644425487,job440_scenario0_864,B54,864,905,905,905,13,0,13,918,919,
1644425487,job452_scenario0_884,B51,884,909,909,909,11,0,11,920,921,
1644425487,job464_scenario3_909,B11,909,913,913,913,7,0,7,920,921,
1644425487,job469_scenario2_917,B33,917,918,918,918,2,0,2,920,921,
1644425487,job470_scenario2_920,B33,920,921,921,921,3,0,3,924,925,
1644425487,job448_scenario0_878,B51,878,912,912,912,13,0,13,925,926,
1644425488,job453_scenario1_886,B54,886,927,927,927,7,0,7,934,935,
1644425489,job460_scenario1_903,B54,903,936,936,936,5,0,5,941,942,
1644425490,job478_scenario3_936,B11,936,940,940,940,8,0,8,948,949,
1644425490,job484_scenario2_946,B33,946,947,947,947,1,0,1,948,949,
1644425490,job461_scenario0_905,B51,905,942,942,942,11,0,11,953,954,
1644425491,job487_scenario2_953,B33,953,954,954,954,3,0,3,957,958,
1644425492,job467_scenario1_915,B54,915,955,955,955,8,0,8,963,964,
1644425492,job493_scenario2_968,B33,968,969,969,969,3,0,3,972,973,
1644425492,job475_scenario1_933,B54,933,970,970,970,2,0,2,972,973,
1644425493,job495_scenario3_971,B11,971,975,975,975,5,0,5,980,981,
1644425493,job476_scenario1_934,B54,934,975,975,975,5,0,5,980,981,
1644425495,job501_scenario4_981,os4,981,985,985,985,3,0,3,988,989,
1644425495,job503_scenario2_984,B33,984,985,985,985,4,0,4,989,990,
1644425495,job483_scenario0_945,B51,945,985,985,985,9,0,9,994,995,
1644425496,job481_scenario0_942,B54,942,983,983,983,13,0,13,996,997,
1644425496,job505_scenario3_989,B11,989,993,993,993,3,0,3,996,997,
1644425497,job490_scenario1_957,B54,957,996,996,996,5,0,5,1001,1002,
1644425497,job491_scenario1_958,B54,958,997,997,997,4,0,4,1001,1002,
1644425498,job489_scenario0_956,B51,956,997,997,997,8,0,8,1005,1006,
1644425498,job510_scenario2_1001,B33,1001,1002,1002,1002,3,0,3,1005,1006,
1644425498,job509_scenario4_998,os4,998,1002,1002,1002,5,0,5,1007,1008,
1644425499,job512_scenario4_1005,os4,1005,1009,1009,1009,4,0,4,1013,1014,
1644425499,job498_scenario0_974,B54,974,1008,1008,1008,11,0,11,1019,1020,
1644425499,job494_scenario0_969,B51,969,1010,1010,1010,12,0,12,1022,1023,
1644425500,job518_scenario4_1022,os4,1022,1026,1026,1026,2,0,2,1028,1029,
1644425501,job502_scenario0_983,B54,983,1021,1021,1021,14,0,14,1035,1036,
1644425501,job521_scenario2_1028,B33,1028,1029,1029,1029,6,0,6,1035,1036,
1644425501,job520_scenario4_1027,os4,1027,1031,1031,1031,7,0,7,1038,1039,
1644425502,job513_scenario1_1006,B54,1006,1044,1044,1044,10,0,10,1054,1055,
1644425503,job511_scenario0_1003,B51,1003,1044,1044,1044,11,0,11,1055,1056,
1644425504,job516_scenario0_1014,B51,1014,1055,1055,1055,9,0,9,1064,1065,
1644425504,job535_scenario3_1063,B11,1063,1067,1067,1067,2,0,2,1069,1070,
1644425505,job517_scenario0_1021,B51,1021,1061,1061,1061,11,0,11,1072,1073,
1644425505,job539_scenario2_1070,B33,1070,1071,1071,1071,2,0,2,1073,1074,
1644425506,job523_scenario0_1035,B51,1035,1076,1076,1076,9,0,9,1085,1086,
1644425507,job528_scenario0_1045,B54,1045,1078,1078,1078,12,0,12,1090,1091,
1644425508,job545_scenario3_1086,B11,1086,1090,1090,1090,5,0,5,1095,1096,
1644425508,job546_scenario2_1090,B33,1090,1091,1091,1091,6,0,6,1097,1098,
1644425509,job536_scenario0_1065,B51,1065,1089,1089,1089,11,0,11,1100,1101,
1644425509,job552_scenario2_1097,B33,1097,1098,1098,1098,6,0,6,1104,1105,
1644425509,job531_scenario0_1053,B54,1053,1093,1093,1093,13,0,13,1106,1107,
1644425510,job557_scenario2_1107,B33,1107,1108,1108,1108,4,0,4,1112,1113,
1644425511,job558_scenario3_1109,B11,1109,1113,1113,1113,2,0,2,1115,1116,
1644425511,job541_scenario1_1077,B54,1077,1111,1111,1111,7,0,7,1118,1119,
1644425511,job540_scenario0_1071,B51,1071,1112,1112,1112,11,0,11,1123,1124,
1644425513,job565_scenario4_1127,os4,1127,1131,1131,1131,3,0,3,1134,1135,
1644425513,job543_scenario0_1082,B51,1082,1123,1123,1123,12,0,12,1135,1136,
1644425514,job568_scenario4_1134,os4,1134,1138,1138,1138,4,0,4,1142,1143,
1644425514,job550_scenario0_1095,B51,1095,1135,1135,1135,8,0,8,1143,1144,
1644425515,job549_scenario0_1093,B54,1093,1134,1134,1134,14,0,14,1148,1149,
1644425515,job556_scenario0_1103,B51,1103,1144,1144,1144,8,0,8,1152,1153,
1644425515,job572_scenario2_1148,B33,1148,1149,1149,1149,5,0,5,1154,1155,
1644425516,job573_scenario3_1151,B11,1151,1155,1155,1155,5,0,5,1160,1161,
1644425517,job559_scenario0_1112,B54,1112,1153,1153,1153,13,0,13,1166,1167,
1644425518,job564_scenario1_1126,B54,1126,1166,1166,1166,2,0,2,1168,1169,
1644425518,job560_scenario0_1114,B51,1114,1155,1155,1155,14,0,14,1169,1170,
1644425518,job578_scenario3_1163,B11,1163,1167,1167,1167,5,0,5,1172,1173,
1644425519,job566_scenario1_1132,B54,1132,1171,1171,1171,5,0,5,1176,1177,
1644425519,job581_scenario2_1175,B33,1175,1176,1176,1176,3,0,3,1179,1180,
1644425519,job580_scenario4_1173,os4,1173,1177,1177,1177,5,0,5,1182,1183,
1644425520,job583_scenario2_1182,B33,1182,1183,1183,1183,1,0,1,1184,1185,
1644425520,job584_scenario2_1183,B33,1183,1184,1184,1184,1,0,1,1185,1186,
1644425522,job586_scenario3_1186,B11,1186,1190,1190,1190,4,0,4,1194,1195,
1644425522,job574_scenario1_1154,B54,1154,1194,1194,1194,3,0,3,1197,1198,
1644425523,job575_scenario1_1160,B54,1160,1200,1200,1200,7,0,7,1207,1208,
1644425524,job577_scenario0_1162,B51,1162,1203,1203,1203,13,0,13,1216,1217,
1644425524,job596_scenario2_1216,B33,1216,1217,1217,1217,3,0,3,1220,1221,
1644425526,job601_scenario3_1226,B11,1226,1229,1229,1229,3,0,3,1232,1233,
1644425526,job585_scenario1_1184,B54,1184,1225,1225,1225,8,0,8,1233,1234,
1644425528,job588_scenario0_1191,B51,1191,1232,1232,1232,12,0,12,1244,1245,
1644425529,job609_scenario2_1246,B33,1246,1247,1247,1247,3,0,3,1250,1251,
1644425529,job608_scenario4_1240,os4,1240,1244,1244,1244,8,0,8,1252,1253,
1644425529,job592_scenario0_1204,B51,1204,1245,1245,1245,12,0,12,1257,1258,
1644425529,job593_scenario0_1207,B54,1207,1248,1248,1248,10,0,10,1258,1259,
1644425531,job602_scenario1_1229,B54,1229,1261,1261,1261,5,0,5,1266,1267,
1644425532,job604_scenario0_1234,B51,1234,1274,1274,1274,11,0,11,1285,1286,
1644425533,job622_scenario2_1287,B33,1287,1288,1288,1288,2,0,2,1290,1291,
1644425535,job610_scenario0_1250,B54,1250,1291,1291,1291,10,0,10,1301,1302,
1644425535,job611_scenario0_1251,B51,1251,1292,1292,1292,11,0,11,1303,1304,
1644425535,job613_scenario0_1261,B54,1261,1301,1301,1301,14,0,14,1315,1316,
1644425536,job635_scenario2_1316,B33,1316,1317,1317,1317,2,0,2,1319,1320,
1644425537,job616_scenario0_1269,B51,1269,1310,1310,1310,11,0,11,1321,1322,
1644425538,job620_scenario0_1280,B51,1280,1321,1321,1321,10,0,10,1331,1332,
1644425538,job639_scenario4_1324,os4,1324,1328,1328,1328,3,0,3,1331,1332,
1644425538,job624_scenario1_1290,B54,1290,1330,1330,1330,5,0,5,1335,1336,
1644425539,job621_scenario0_1283,B51,1283,1324,1324,1324,12,0,12,1336,1337,
1644425539,job626_scenario1_1296,B54,1296,1336,1336,1336,3,0,3,1339,1340,
1644425540,job640_scenario4_1332,os4,1332,1336,1336,1336,5,0,5,1341,1342,
1644425541,job628_scenario1_1303,B54,1303,1342,1342,1342,5,0,5,1347,1348,
1644425542,job627_scenario0_1301,B51,1301,1340,1340,1340,12,0,12,1352,1353,
1644425543,job649_scenario3_1349,B11,1349,1352,1352,1352,1,0,1,1353,1354,
1644425543,job630_scenario1_1307,B54,1307,1347,1347,1347,9,0,9,1356,1357,
1644425544,job634_scenario1_1314,B54,1314,1352,1352,1352,7,0,7,1359,1360,
1644425544,job633_scenario0_1312,B51,1312,1353,1353,1353,11,0,11,1364,1365,
1644425544,job638_scenario1_1321,B54,1321,1362,1362,1362,2,0,2,1364,1365,
1644425544,job632_scenario0_1311,B51,1311,1352,1352,1352,14,0,14,1366,1367,
1644425545,job636_scenario0_1319,B54,1319,1359,1359,1359,13,0,13,1372,1373,
1644425546,job654_scenario4_1366,os4,1366,1370,1370,1370,5,0,5,1375,1376,
1644425546,job641_scenario0_1333,B54,1333,1368,1368,1368,13,0,13,1381,1382,
1644425547,job642_scenario0_1334,B51,1334,1375,1375,1375,9,0,9,1384,1385,
1644425548,job658_scenario3_1385,B11,1385,1388,1388,1388,1,0,1,1389,1390,
1644425548,job648_scenario0_1345,B51,1345,1384,1384,1384,8,0,8,1392,1393,
1644425548,job646_scenario0_1342,B54,1342,1383,1383,1383,13,0,13,1396,1397,
1644425550,job668_scenario2_1398,B33,1398,1399,1399,1399,2,0,2,1401,1402,
1644425552,job652_scenario1_1361,B54,1361,1402,1402,1402,7,0,7,1409,1410,
1644425553,job672_scenario2_1407,B33,1407,1408,1408,1408,5,0,5,1413,1414,
1644425553,job673_scenario4_1408,os4,1408,1412,1412,1412,2,0,2,1414,1415,
1644425554,job653_scenario0_1363,B51,1363,1404,1404,1404,13,0,13,1417,1418,
1644425554,job676_scenario4_1411,os4,1411,1415,1415,1415,5,0,5,1420,1421,
1644425555,job681_scenario2_1423,B33,1423,1424,1424,1424,4,0,4,1428,1429,
1644425556,job656_scenario0_1378,B54,1378,1419,1419,1419,13,0,13,1432,1433,
1644425556,job662_scenario1_1391,B54,1391,1432,1432,1432,5,0,5,1437,1438,
1644425557,job660_scenario0_1389,B51,1389,1430,1430,1430,9,0,9,1439,1440,
1644425557,job663_scenario1_1392,B54,1392,1433,1433,1433,7,0,7,1440,1441,
1644425558,job669_scenario1_1399,B54,1399,1438,1438,1438,6,0,6,1444,1445,
1644425559,job687_scenario2_1445,B33,1445,1446,1446,1446,4,0,4,1450,1451,
1644425559,job670_scenario0_1400,B51,1400,1441,1441,1441,11,0,11,1452,1453,
1644425559,job688_scenario2_1450,B33,1450,1451,1451,1451,3,0,3,1454,1455,
1644425561,job678_scenario0_1417,B51,1417,1458,1458,1458,13,0,13,1471,1472,
1644425562,job693_scenario4_1465,os4,1465,1468,1468,1468,4,0,4,1472,1473,
1644425562,job683_scenario1_1425,B54,1425,1466,1466,1466,7,0,7,1473,1474,
1644425562,job698_scenario2_1471,B33,1471,1472,1472,1472,1,0,1,1473,1474,
1644425564,job702_scenario3_1484,B11,1484,1487,1487,1487,4,0,4,1491,1492,
1644425566,job689_scenario0_1452,B51,1452,1493,1493,1493,11,0,11,1504,1505,
1644425566,job704_scenario1_1499,B54,1499,1501,1501,1501,3,0,3,1504,1505,
1644425569,job697_scenario1_1470,B54,1470,1507,1507,1507,6,0,6,1513,1514,
1644425570,job705_scenario1_1500,B54,1500,1513,1513,1513,2,0,2,1515,1516,
1644425570,job712_scenario4_1509,os4,1509,1512,1512,1512,4,0,4,1516,1517,
1644425571,job701_scenario1_1483,B54,1483,1518,1518,1518,6,0,6,1524,1525,
1644425573,job700_scenario0_1478,B51,1478,1519,1519,1519,11,0,11,1530,1531,
1644425574,job717_scenario4_1525,os4,1525,1528,1528,1528,6,0,6,1534,1535,
1644425576,job724_scenario2_1540,B33,1540,1541,1541,1541,1,0,1,1542,1543,
1644425577,job719_scenario1_1531,B54,1531,1533,1533,1533,10,0,10,1543,1544,
1644425577,job720_scenario1_1534,B54,1534,1543,1543,1543,5,0,5,1548,1549,
1644425578,job709_scenario1_1506,B54,1506,1547,1547,1547,4,0,4,1551,1552,
1644425578,job721_scenario0_1535,B51,1535,1542,1542,1542,10,0,10,1552,1553,
1644425580,job730_scenario2_1559,B33,1559,1560,1560,1560,2,0,2,1562,1563,
1644425581,job729_scenario0_1555,B51,1555,1556,1556,1556,11,0,11,1567,1568,
1644425582,job731_scenario1_1561,B54,1561,1563,1563,1563,8,0,8,1571,1572,
1644425583,job734_scenario2_1570,B33,1570,1571,1571,1571,2,0,2,1573,1574,
1644425583,job727_scenario1_1546,B54,1546,1571,1571,1571,4,0,4,1575,1576,
1644425583,job735_scenario1_1571,B54,1571,1573,1573,1573,2,0,2,1575,1576,
1644425588,job741_scenario0_1593,B51,1593,1594,1594,1594,10,0,10,1604,1605,
1644425589,job744_scenario1_1598,B54,1598,1600,1600,1600,6,0,6,1606,1607,
1644425590,job745_scenario3_1603,B11,1603,1606,1606,1606,2,0,2,1608,1609,
1644425591,job748_scenario2_1609,B33,1609,1610,1610,1610,3,0,3,1613,1614,
1644425593,job750_scenario3_1613,B11,1613,1616,1616,1616,2,0,2,1618,1619,
1644425593,job751_scenario1_1616,B54,1616,1618,1618,1618,3,0,3,1621,1622,
1644425594,job749_scenario0_1611,B51,1611,1612,1612,1612,14,0,14,1626,1627,
1644425595,job742_scenario1_1596,B54,1596,1623,1623,1623,6,0,6,1629,1630,
1644425596,job756_scenario3_1632,B11,1632,1635,1635,1635,5,0,5,1640,1641,
1644425596,job754_scenario0_1628,B51,1628,1629,1629,1629,13,0,13,1642,1643,
1644425597,job755_scenario1_1631,B54,1631,1633,1633,1633,10,0,10,1643,1644,
1644425599,job747_scenario1_1606,B54,1606,1645,1645,1645,7,0,7,1652,1653,
1644425601,job759_scenario4_1645,os4,1645,1648,1648,1648,10,0,10,1658,1659,
1644425601,job762_scenario3_1652,B11,1652,1655,1655,1655,3,0,3,1658,1659,
1644425601,job761_scenario0_1650,B51,1650,1651,1651,1651,11,0,11,1662,1663,
1644425602,job763_scenario1_1658,B54,1658,1660,1660,1660,7,0,7,1667,1668,
1644425604,job768_scenario2_1668,B33,1668,1669,1669,1669,5,0,5,1674,1675,
1644425604,job769_scenario4_1669,os4,1669,1672,1672,1672,3,0,3,1675,1676,
1644425604,job765_scenario0_1663,B51,1663,1664,1664,1664,12,0,12,1676,1677,
1644425606,job758_scenario1_1643,B54,1643,1677,1677,1677,6,0,6,1683,1684,
1644425609,job767_scenario1_1667,B54,1667,1691,1691,1691,8,0,8,1699,1700,
1644425611,job782_scenario2_1702,B33,1702,1703,1703,1703,4,0,4,1707,1708,
1644425611,job784_scenario1_1705,B54,1705,1707,1707,1707,2,0,2,1709,1710,
1644425612,job781_scenario4_1701,os4,1701,1704,1704,1704,6,0,6,1710,1711,
1644425613,job780_scenario0_1697,B51,1697,1698,1698,1698,14,0,14,1712,1713,
1644425613,job785_scenario3_1707,B11,1707,1710,1710,1710,4,0,4,1714,1715,
1644425613,job786_scenario4_1709,os4,1709,1712,1712,1712,4,0,4,1716,1717,
1644425617,job791_scenario4_1726,os4,1726,1729,1729,1729,4,0,4,1733,1734,
1644425617,job774_scenario0_1684,B54,1684,1723,1723,1723,13,0,13,1736,1737,
1644425617,job790_scenario0_1725,B51,1725,1726,1726,1726,12,0,12,1738,1739,
1644425618,job795_scenario1_1737,B54,1737,1739,1739,1739,3,0,3,1742,1743,
1644425619,job797_scenario1_1742,B54,1742,1744,1744,1744,6,0,6,1750,1751,
1644425620,job787_scenario1_1710,B54,1710,1751,1751,1751,4,0,4,1755,1756,
1644425623,job803_scenario1_1764,B54,1764,1766,1766,1766,5,0,5,1771,1772,
1644425625,job805_scenario3_1767,B11,1767,1770,1770,1770,8,0,8,1778,1779,
1644425626,job806_scenario1_1770,B54,1770,1772,1772,1772,7,0,7,1779,1780,
1644425627,job812_scenario1_1783,B54,1783,1785,1785,1785,5,0,5,1790,1791,
1644425631,job816_scenario2_1800,B33,1800,1801,1801,1801,1,0,1,1802,1803,
1644425631,job815_scenario4_1795,os4,1795,1799,1799,1799,4,0,4,1803,1804,
1644425631,job814_scenario0_1794,B51,1794,1795,1795,1795,15,0,15,1810,1811,
1644425632,job800_scenario0_1756,B54,1756,1796,1796,1796,17,0,17,1813,1814,
1644425634,job821_scenario3_1811,B11,1811,1814,1814,1814,3,0,3,1817,1818,
1644425635,job811_scenario1_1778,B54,1778,1816,1816,1816,6,0,6,1822,1823,
1644425636,job824_scenario1_1820,B54,1820,1822,1822,1822,6,0,6,1828,1829,
1644425638,job827_scenario4_1833,os4,1833,1837,1837,1837,3,0,3,1840,1841,
1644425640,job828_scenario1_1846,B54,1846,1848,1848,1848,7,0,7,1855,1856,
1644425641,job830_scenario2_1851,B33,1851,1852,1852,1852,5,0,5,1857,1858,
1644425644,job834_scenario1_1860,B54,1860,1862,1862,1862,3,0,3,1865,1866,
1644425645,job833_scenario0_1859,B51,1859,1860,1860,1860,13,0,13,1873,1874,
1644425646,job837_scenario1_1873,B54,1873,1875,1875,1875,5,0,5,1880,1881,
1644425648,job842_scenario2_1886,B33,1886,1887,1887,1887,3,0,3,1890,1891,
1644425649,job840_scenario0_1884,B51,1884,1885,1885,1885,11,0,11,1896,1897,
1644425650,job843_scenario4_1893,os4,1893,1897,1897,1897,4,0,4,1901,1902,
1644425650,job844_scenario3_1896,B11,1896,1899,1899,1899,4,0,4,1903,1904,
1644425652,job846_scenario3_1901,B11,1901,1904,1904,1904,3,0,3,1907,1908,
1644425652,job847_scenario1_1902,B54,1902,1904,1904,1904,5,0,5,1909,1910,
1644425654,job852_scenario2_1917,B33,1917,1918,1918,1918,3,0,3,1921,1922,
1644425654,job848_scenario0_1905,B51,1905,1906,1906,1906,16,0,16,1922,1923,
1644425655,job850_scenario1_1914,B54,1914,1916,1916,1916,7,0,7,1923,1924,
1644425658,job856_scenario0_1926,B51,1926,1927,1927,1927,11,0,11,1938,1939,
1644425660,job859_scenario0_1934,B54,1934,1935,1935,1935,16,0,16,1951,1952,
1644425660,job863_scenario4_1945,os4,1945,1949,1949,1949,4,0,4,1953,1954,
1644425662,job865_scenario1_1950,B54,1950,1958,1958,1958,3,0,3,1961,1962,
1644425665,job869_scenario1_1963,B54,1963,1965,1965,1965,6,0,6,1971,1972,
1644425667,job873_scenario1_1974,B54,1974,1976,1976,1976,6,0,6,1982,1983,
1644425668,job872_scenario0_1971,B51,1971,1972,1972,1972,12,0,12,1984,1985,
1644425668,job858_scenario0_1931,B54,1931,1971,1971,1971,14,0,14,1985,1986,
1644425668,job862_scenario1_1942,B54,1942,1983,1983,1983,6,0,6,1989,1990,
1644425670,job875_scenario1_1994,B54,1994,1996,1996,1996,5,0,5,2001,2002,
1644425671,job877_scenario1_1999,B54,1999,2001,2001,2001,7,0,7,2008,2009,
1644425672,job878_scenario4_2003,os4,2003,2007,2007,2007,4,0,4,2011,2012,
1644425673,job881_scenario3_2013,B11,2013,2017,2017,2017,2,0,2,2019,2020,
1644425674,job879_scenario1_2008,B54,2008,2011,2011,2011,9,0,9,2020,2021,
1644425679,job890_scenario3_2052,B11,2052,2056,2056,2056,4,0,4,2060,2061,
1644425680,job891_scenario1_2053,B54,2053,2056,2056,2056,6,0,6,2062,2063,
1644425682,job895_scenario1_2062,B54,2062,2065,2065,2065,2,0,2,2067,2068,
1644425684,job894_scenario0_2061,B51,2061,2062,2062,2062,9,0,9,2071,2072,
1644425685,job885_scenario1_2030,B54,2030,2071,2071,2071,3,0,3,2074,2075,
1644425685,job897_scenario3_2065,B11,2065,2069,2069,2069,7,0,7,2076,2077,
1644425686,job899_scenario2_2079,B33,2079,2083,2083,2083,3,0,3,2086,2087,
1644425688,job887_scenario0_2035,B54,2035,2074,2074,2074,14,0,14,2088,2089,
1644425690,job903_scenario0_2087,B51,2087,2088,2088,2088,11,0,11,2099,2100,
1644425691,job904_scenario1_2090,B54,2090,2093,2093,2093,8,0,8,2101,2102,
1644425692,job906_scenario1_2098,B54,2098,2101,2101,2101,6,0,6,2107,2108,
1644425694,job909_scenario1_2106,B54,2106,2109,2109,2109,6,0,6,2115,2116,
1644425695,job911_scenario3_2114,B11,2114,2118,2118,2118,1,0,1,2119,2120,
1644425697,job913_scenario1_2119,B54,2119,2122,2122,2122,6,0,6,2128,2129,
1644425699,job918_scenario4_2141,os4,2141,2146,2146,2146,3,0,3,2149,2150,
1644425700,job919_scenario0_2142,B54,2142,2143,2143,2143,9,0,9,2152,2153,
1644425701,job914_scenario1_2121,B54,2121,2159,2159,2159,4,0,4,2163,2164,
1644425702,job921_scenario1_2162,B54,2162,2165,2165,2165,6,0,6,2171,2172,
1644425703,job916_scenario1_2137,B54,2137,2175,2175,2175,5,0,5,2180,2181,
1644425705,job926_scenario2_2182,B33,2182,2186,2186,2186,4,0,4,2190,2191,
1644425710,job930_scenario1_2199,B54,2199,2202,2202,2202,8,0,8,2210,2211,
1644425711,job922_scenario1_2170,B54,2170,2211,2211,2211,5,0,5,2216,2217,
1644425713,job936_scenario0_2216,B51,2216,2217,2217,2217,13,0,13,2230,2231,
1644425713,job937_scenario2_2226,B33,2226,2230,2230,2230,2,0,2,2232,2233,
1644425713,job925_scenario0_2180,B54,2180,2221,2221,2221,16,0,16,2237,2238,
1644425717,job944_scenario3_2250,B11,2250,2254,2254,2254,5,0,5,2259,2260,
1644425717,job935_scenario1_2212,B54,2212,2253,2253,2253,7,0,7,2260,2261,
1644425719,job949_scenario1_2263,B54,2263,2266,2266,2266,5,0,5,2271,2272,
1644425721,job938_scenario1_2240,B54,2240,2274,2274,2274,6,0,6,2280,2281,
1644425722,job939_scenario1_2241,B54,2241,2280,2280,2280,4,0,4,2284,2285,
1644425723,job941_scenario0_2243,B54,2243,2282,2282,2282,10,0,10,2292,2293,
1644425724,job942_scenario0_2247,B54,2247,2286,2286,2286,12,0,12,2298,2299,
1644425725,job954_scenario2_2306,B33,2306,2307,2307,2307,2,0,2,2309,2310,
1644425728,job956_scenario4_2311,os4,2311,2315,2315,2315,5,0,5,2320,2321,
1644425729,job958_scenario4_2320,os4,2320,2324,2324,2324,3,0,3,2327,2328,
1644425729,job951_scenario0_2275,B54,2275,2315,2315,2315,14,0,14,2329,2330,
1644425731,job960_scenario3_2341,B11,2341,2344,2344,2344,6,0,6,2350,2351,
1644425732,job962_scenario2_2346,B33,2346,2347,2347,2347,4,0,4,2351,2352,
1644425734,job967_scenario2_2363,B33,2363,2364,2364,2364,1,0,1,2365,2366,
1644425734,job966_scenario4_2359,os4,2359,2363,2363,2363,6,0,6,2369,2370,
1644425736,job964_scenario0_2352,B54,2352,2363,2363,2363,14,0,14,2377,2378,
1644425736,job970_scenario0_2374,B51,2374,2375,2375,2375,9,0,9,2384,2385,
1644425737,job961_scenario1_2345,B54,2345,2385,2385,2385,7,0,7,2392,2393,
1644425738,job973_scenario1_2398,B54,2398,2400,2400,2400,5,0,5,2405,2406,
1644425739,job974_scenario0_2404,B54,2404,2406,2406,2406,10,0,10,2416,2417,
1644425740,job976_scenario1_2408,B54,2408,2418,2418,2418,5,0,5,2423,2424,
1644425742,job978_scenario3_2425,B11,2425,2428,2428,2428,2,0,2,2430,2431,
1644425742,job971_scenario0_2384,B54,2384,2424,2424,2424,10,0,10,2434,2435,
1644425743,job980_scenario2_2434,B33,2434,2435,2435,2435,1,0,1,2436,2437,
1644425744,job982_scenario2_2461,B33,2461,2462,2462,2462,2,0,2,2464,2465,
1644425746,job985_scenario4_2469,os4,2469,2473,2473,2473,3,0,3,2476,2477,
1644425748,job992_scenario2_2487,B33,2487,2488,2488,2488,2,0,2,2490,2491,
1644425749,job983_scenario1_2465,B54,2465,2487,2487,2487,4,0,4,2491,2492,
1644425749,job991_scenario3_2486,B11,2486,2489,2489,2489,2,0,2,2491,2492,
1644425751,job994_scenario4_2490,os4,2490,2494,2494,2494,2,0,2,2496,2497,
1644425753,job995_scenario0_2494,B51,2494,2495,2495,2495,15,0,15,2510,2511,
1644425756,job987_scenario0_2477,B54,2477,2515,2515,2515,12,0,12,2527,2528,
1644425756,job999_scenario0_2516,B51,2516,2517,2517,2517,11,0,11,2528,2529,
1644425756,job1000_scenario2_2522,B33,2522,2523,2523,2523,5,0,5,2528,2529,
1644425759,job1001_scenario4_2529,os4,2529,2533,2533,2533,5,0,5,2538,2539,
1644425759,job996_scenario0_2496,B54,2496,2536,2536,2536,13,0,13,2549,2550,
1644425761,job1004_scenario1_2550,B54,2550,2552,2552,2552,7,0,7,2559,2560,
1644425763,job1006_scenario0_2553,B54,2553,2562,2562,2562,14,0,14,2576,2577,
1644425764,job1012_scenario4_2581,os4,2581,2584,2584,2584,4,0,4,2588,2589,
1644425764,job1003_scenario1_2547,B54,2547,2587,2587,2587,3,0,3,2590,2591,
1644425767,job1015_scenario1_2598,B54,2598,2600,2600,2600,3,0,3,2603,2604,
1644425769,job1011_scenario1_2575,B54,2575,2614,2614,2614,4,0,4,2618,2619,
1644425771,job1019_scenario4_2618,os4,2618,2621,2621,2621,5,0,5,2626,2627,
1644425771,job1021_scenario0_2621,B51,2621,2622,2622,2622,13,0,13,2635,2636,
1644425772,job1020_scenario0_2619,B54,2619,2621,2621,2621,15,0,15,2636,2637,
1644425773,job1024_scenario1_2638,B54,2638,2640,2640,2640,6,0,6,2646,2647,
1644425774,job1026_scenario1_2650,B54,2650,2652,2652,2652,5,0,5,2657,2658,
1644425778,job1029_scenario2_2673,B33,2673,2674,2674,2674,5,0,5,2679,2680,
1644425779,job1023_scenario0_2634,B54,2634,2673,2673,2673,10,0,10,2683,2684,
1644425779,job1032_scenario2_2681,B33,2681,2682,2682,2682,2,0,2,2684,2685,
1644425780,job1025_scenario0_2643,B54,2643,2684,2684,2684,13,0,13,2697,2698,
1644425781,job1035_scenario2_2699,B33,2699,2700,2700,2700,1,0,1,2701,2702,
1644425781,job1034_scenario3_2697,B11,2697,2700,2700,2700,3,0,3,2703,2704,
1644425783,job1028_scenario1_2668,B54,2668,2709,2709,2709,3,0,3,2712,2713,
1644425784,job1036_scenario4_2707,os4,2707,2710,2710,2710,3,0,3,2713,2714,
1644425784,job1037_scenario3_2710,B11,2710,2713,2713,2713,3,0,3,2716,2717,
1644425786,job1038_scenario2_2717,B33,2717,2718,2718,2718,2,0,2,2720,2721,
1644425788,job1040_scenario3_2724,B11,2724,2727,2727,2727,5,0,5,2732,2733,
1644425789,job1039_scenario0_2718,B54,2718,2719,2719,2719,14,0,14,2733,2734,
1644425790,job1044_scenario1_2731,B54,2731,2733,2733,2733,6,0,6,2739,2740,
1644425793,job1047_scenario0_2750,B54,2750,2751,2751,2751,11,0,11,2762,2763,
1644425793,job1049_scenario2_2758,B33,2758,2759,2759,2759,3,0,3,2762,2763,
1644425795,job1050_scenario1_2766,B54,2766,2768,2768,2768,4,0,4,2772,2773,
1644425795,job1051_scenario2_2770,B33,2770,2771,2771,2771,3,0,3,2774,2775,
1644425797,job1052_scenario1_2775,B54,2775,2777,2777,2777,4,0,4,2781,2782,
1644425801,job1053_scenario0_2778,B54,2778,2794,2794,2794,16,0,16,2810,2811,
1644425801,job1060_scenario2_2805,B33,2805,2806,2806,2806,4,0,4,2810,2811,
1644425802,job1061_scenario3_2809,B11,2809,2812,2812,2812,3,0,3,2815,2816,
1644425805,job1056_scenario1_2789,B54,2789,2827,2827,2827,3,0,3,2830,2831,
1644425807,job1057_scenario1_2793,B54,2793,2830,2830,2830,7,0,7,2837,2838,
1644425807,job1059_scenario0_2800,B51,2800,2826,2826,2826,16,0,16,2842,2843,
1644425809,job1066_scenario4_2842,os4,2842,2845,2845,2845,5,0,5,2850,2851,
1644425811,job1063_scenario1_2823,B54,2823,2863,2863,2863,3,0,3,2866,2867,
1644425811,job1070_scenario3_2861,B11,2861,2864,2864,2864,3,0,3,2867,2868,
1644425813,job1074_scenario4_2872,os4,2872,2876,2876,2876,3,0,3,2879,2880,
1644425815,job1079_scenario3_2882,B11,2882,2885,2885,2885,3,0,3,2888,2889,
1644425816,job1068_scenario1_2848,B54,2848,2886,2886,2886,8,0,8,2894,2895,
1644425817,job1069_scenario1_2858,B54,2858,2899,2899,2899,2,0,2,2901,2902,
1644425818,job1082_scenario3_2896,B11,2896,2899,2899,2899,3,0,3,2902,2903,
1644425820,job1071_scenario1_2868,B54,2868,2909,2909,2909,6,0,6,2915,2916,
1644425821,job1084_scenario4_2908,os4,2908,2912,2912,2912,5,0,5,2917,2918,
1644425822,job1077_scenario1_2879,B54,2879,2920,2920,2920,4,0,4,2924,2925,
1644425824,job1088_scenario4_2928,os4,2928,2932,2932,2932,4,0,4,2936,2937,
1644425825,job1080_scenario0_2891,B54,2891,2931,2931,2931,14,0,14,2945,2946,
1644425828,job1092_scenario2_2954,B33,2954,2955,2955,2955,6,0,6,2961,2962,
1644425828,job1093_scenario4_2955,os4,2955,2959,2959,2959,2,0,2,2961,2962,
1644425828,job1087_scenario1_2921,B54,2921,2960,2960,2960,4,0,4,2964,2965,
1644425833,job1095_scenario0_2977,B54,2977,3003,3003,3003,11,0,11,3014,3015,
1644425836,job1101_scenario2_3018,B33,3018,3019,3019,3019,2,0,2,3021,3022,
1644425836,job1098_scenario0_3010,B54,3010,3015,3015,3015,14,0,14,3029,3030,
1644425838,job1097_scenario0_3003,B54,3003,3033,3033,3033,12,0,12,3045,3046,
1644425840,job1104_scenario0_3044,B54,3044,3045,3045,3045,13,0,13,3058,3059,
1644425841,job1105_scenario4_3049,os4,3049,3053,3053,3053,8,0,8,3061,3062,
1644425843,job1107_scenario1_3066,B54,3066,3068,3068,3068,6,0,6,3074,3075,
1644425845,job1110_scenario4_3081,os4,3081,3085,3085,3085,3,0,3,3088,3089,
1644425847,job1111_scenario4_3094,os4,3094,3098,3098,3098,1,0,1,3099,3100,
1644425849,job1113_scenario4_3097,os4,3097,3101,3101,3101,5,0,5,3106,3107,
1644425850,job1114_scenario4_3102,os4,3102,3106,3106,3106,5,0,5,3111,3112,
1644425852,job1116_scenario2_3127,B33,3127,3128,3128,3128,1,0,1,3129,3130,
1644425854,job1118_scenario1_3136,B54,3136,3138,3138,3138,5,0,5,3143,3144,
1644425858,job1119_scenario0_3141,B54,3141,3169,3169,3169,16,0,16,3185,3186,
1644425858,job1125_scenario1_3183,B54,3183,3185,3185,3185,4,0,4,3189,3190,
1644425860,job1127_scenario1_3190,B54,3190,3192,3192,3192,4,0,4,3196,3197,
1644425860,job1126_scenario4_3189,os4,3189,3192,3192,3192,4,0,4,3196,3197,
1644425862,job1129_scenario2_3197,B33,3197,3198,3198,3198,1,0,1,3199,3200,
1644425862,job1128_scenario1_3195,B54,3195,3197,3197,3197,5,0,5,3202,3203,
1644425865,job1133_scenario2_3221,B33,3221,3222,3222,3222,4,0,4,3226,3227,
1644425867,job1135_scenario3_3233,B11,3233,3236,3236,3236,1,0,1,3237,3238,
1644425867,job1134_scenario1_3229,B54,3229,3231,3231,3231,7,0,7,3238,3239,
1644425870,job1136_scenario1_3240,B54,3240,3242,3242,3242,4,0,4,3246,3247,
1644425870,job1137_scenario4_3242,os4,3242,3245,3245,3245,2,0,2,3247,3248,
1644425871,job1138_scenario1_3247,B54,3247,3249,3249,3249,6,0,6,3255,3256,
1644425872,job1140_scenario4_3255,os4,3255,3258,3258,3258,2,0,2,3260,3261,
1644425877,job1147_scenario4_3281,os4,3281,3284,3284,3284,3,0,3,3287,3288,
1644425877,job1146_scenario0_3278,B54,3278,3283,3283,3283,12,0,12,3295,3296,
1644425879,job1149_scenario2_3297,B33,3297,3298,3298,3298,4,0,4,3302,3303,
1644425879,job1141_scenario0_3257,B54,3257,3298,3298,3298,13,0,13,3311,3312,
1644425881,job1151_scenario1_3315,B54,3315,3317,3317,3317,4,0,4,3321,3322,
1644425884,job1152_scenario0_3317,B54,3317,3327,3327,3327,16,0,16,3343,3344,
1644425885,job1155_scenario4_3355,os4,3355,3358,3358,3358,1,0,1,3359,3360,
1644425887,job1154_scenario0_3336,B54,3336,3367,3367,3367,12,0,12,3379,3380,
1644425893,job1157_scenario0_3372,B54,3372,3409,3409,3409,13,0,13,3422,3423,
1644425895,job1165_scenario3_3414,B11,3414,3417,3417,3417,6,0,6,3423,3424,
1644425897,job1169_scenario4_3433,os4,3433,3436,3436,3436,3,0,3,3439,3440,
1644425897,job1159_scenario0_3395,B54,3395,3424,3424,3424,16,0,16,3440,3441,
1644425899,job1172_scenario2_3442,B33,3442,3443,3443,3443,4,0,4,3447,3448,
1644425900,job1173_scenario2_3450,B33,3450,3451,3451,3451,2,0,2,3453,3454,
1644425902,job1174_scenario1_3461,B54,3461,3463,3463,3463,7,0,7,3470,3471,
1644425904,job1176_scenario2_3481,B33,3481,3482,3482,3482,5,0,5,3487,3488,
1644425905,job1175_scenario0_3479,B54,3479,3484,3484,3484,14,0,14,3498,3499,
1644425905,job1178_scenario2_3493,B33,3493,3494,3494,3494,4,0,4,3498,3499,
1644425911,job1184_scenario2_3521,B33,3521,3522,3522,3522,3,0,3,3525,3526,
1644425913,job1185_scenario4_3532,os4,3532,3536,3536,3536,2,0,2,3538,3539,
1644425913,job1177_scenario0_3490,B54,3490,3528,3528,3528,11,0,11,3539,3540,
1644425918,job1191_scenario1_3563,B54,3563,3565,3565,3565,8,0,8,3573,3574,
1644425921,job1193_scenario2_3574,B33,3574,3575,3575,3575,4,0,4,3579,3580,
1644425923,job1195_scenario4_3576,os4,3576,3580,3580,3580,6,0,6,3586,3587,
1644425924,job1196_scenario4_3582,os4,3582,3586,3586,3586,5,0,5,3591,3592,
1644425924,job1190_scenario0_3554,B54,3554,3590,3590,3590,12,0,12,3602,3603,
