RecordTimeStamp,SystemTick,AssignmentTick,JobId,WorkerId,JobArrivalTime,JobTime,FreeWorkersCount
1644421057,0,1,job0_scenario3_0,B11,0,6,5,
1644421057,3,4,job1_scenario1_3,B14,3,6,4,
1644421058,7,8,job2_scenario2_7,B54,7,5,4,
1644421058,8,9,job3_scenario1_8,B11,8,9,3,
1644421058,13,14,job4_scenario0_11,B54,11,17,4,
1644421058,13,14,job5_scenario0_13,B14,13,16,3,
1644421058,17,18,job6_scenario0_16,in27,16,24,2,
1644421058,19,20,job7_scenario2_17,cn12,17,18,2,
1644421058,19,20,job8_scenario1_19,B11,19,13,1,
1644421058,30,31,job10_scenario1_21,B14,21,7,1,
1644421058,31,32,job9_scenario4_20,B54,20,7,1,
1644421058,34,35,job13_scenario4_30,B11,30,4,1,
1644421058,39,40,job14_scenario4_31,B11,31,2,4,
1644421058,39,40,job16_scenario1_36,B14,36,9,3,
1644421058,39,40,job12_scenario4_29,cn12,29,10,2,
1644421058,39,40,job15_scenario4_35,B54,35,5,1,
1644421058,42,43,job11_scenario1_23,B11,23,6,2,
1644421059,44,45,job17_scenario1_42,in27,42,11,1,
1644421059,46,47,job18_scenario2_44,B54,44,10,1,
1644421059,49,50,job19_scenario0_46,B11,46,26,2,
1644421059,49,50,job20_scenario2_47,B14,47,5,1,
1644421059,50,51,job21_scenario1_48,cn12,48,23,1,
1644421059,56,57,job27_scenario1_54,in27,54,14,2,
1644421059,56,57,job26_scenario2_53,B14,53,5,1,
1644421059,58,59,job22_scenario4_49,B54,49,1,1,
1644421059,61,62,job23_scenario1_50,B54,50,8,1,
1644421059,63,64,job24_scenario2_51,B14,51,6,1,
1644421059,70,71,job25_scenario2_52,B14,52,4,2,
1644421059,70,71,job34_scenario1_70,B54,70,7,1,
1644421059,72,73,job30_scenario4_63,in27,63,9,1,
1644421059,74,75,job33_scenario4_68,cn12,68,15,1,
1644421060,76,77,job32_scenario3_66,B11,66,1,2,
1644421060,76,77,job28_scenario2_56,B14,56,8,1,
1644421060,78,79,job38_scenario1_77,B11,77,7,2,
1644421060,78,79,job35_scenario1_72,B54,72,8,1,
1644421060,83,84,job29_scenario0_59,in27,59,25,1,
1644421060,85,86,job31_scenario2_64,B14,64,6,1,
1644421060,87,88,job37_scenario1_74,B11,74,9,2,
1644421060,87,88,job42_scenario1_84,B54,84,1,1,
1644421060,90,91,job43_scenario1_85,B54,85,7,2,
1644421060,90,91,job41_scenario3_83,cn12,83,10,1,
1644421060,93,94,job45_scenario2_88,B14,88,6,1,
1644421060,98,99,job48_scenario1_98,B54,98,8,2,
1644421060,98,99,job46_scenario4_90,B11,90,2,1,
1644421060,100,101,job47_scenario0_91,B14,91,14,1,
1644421060,101,102,job49_scenario3_99,B11,99,4,2,
1644421060,101,102,job50_scenario3_100,cn12,100,8,1,
1644421060,106,107,job53_scenario4_105,B11,105,3,1,
1644421060,108,109,job52_scenario2_102,B54,102,9,1,
1644421061,109,110,job44_scenario2_87,in27,87,10,1,
1644421061,110,111,job57_scenario3_110,B11,110,3,2,
1644421061,110,111,job54_scenario1_106,cn12,106,23,1,
1644421061,114,115,job56_scenario1_109,B11,109,8,1,
1644421061,115,116,job55_scenario2_108,B14,108,3,1,
1644421061,118,119,job39_scenario0_78,B54,78,12,1,
1644421061,119,120,job61_scenario2_115,B14,115,2,1,
1644421061,120,121,job60_scenario0_114,in27,114,25,1,
1644421061,122,123,job59_scenario2_113,B14,113,4,1,
1644421061,123,124,job64_scenario3_120,B11,120,2,1,
1644421061,127,128,job67_scenario2_124,B14,124,7,2,
1644421061,127,128,job51_scenario1_101,B11,101,10,1,
1644421061,131,132,job71_scenario1_129,B54,129,4,1,
1644421061,134,135,job66_scenario4_123,cn12,123,12,1,
1644421061,136,137,job68_scenario0_125,B14,125,22,2,
1644421061,136,137,job63_scenario0_119,B54,119,12,1,
1644421062,139,140,job70_scenario0_128,B11,128,19,1,
1644421062,147,148,job72_scenario2_131,cn12,131,18,2,
1644421062,147,148,job65_scenario3_122,in27,122,3,1,
1644421062,150,151,job78_scenario1_144,B54,144,2,1,
1644421062,152,153,job69_scenario0_127,in27,127,30,1,
1644421062,153,154,job80_scenario1_153,B54,153,2,1,
1644421062,157,158,job77_scenario1_142,B54,142,5,1,
1644421062,159,160,job81_scenario1_157,B11,157,11,2,
1644421062,159,160,job76_scenario2_141,B14,141,5,1,
1644421062,164,165,job83_scenario1_159,B54,159,4,1,
1644421062,165,166,job84_scenario1_165,B14,165,5,1,
1644421062,166,167,job75_scenario1_140,cn12,140,23,1,
1644421063,170,171,job74_scenario0_137,B54,137,13,1,
1644421063,171,172,job86_scenario3_171,B11,171,3,2,
1644421063,171,172,job58_scenario0_112,B14,112,15,1,
1644421063,175,176,job88_scenario1_175,B11,175,8,1,
1644421063,184,185,job85_scenario2_166,in27,166,14,3,
1644421063,184,185,job82_scenario1_158,B11,158,8,2,
1644421063,184,185,job89_scenario1_177,B54,177,2,1,
1644421063,188,189,job91_scenario2_182,B14,182,3,2,
1644421063,188,189,job93_scenario1_185,B54,185,4,1,
1644421063,191,192,job90_scenario1_178,cn12,178,21,1,
1644421063,192,193,job95_scenario2_188,B14,188,6,1,
1644421063,194,195,job97_scenario3_191,B11,191,2,2,
1644421063,194,195,job98_scenario1_192,B54,192,4,1,
1644421063,197,198,job101_scenario3_197,B11,197,4,1,
1644421063,200,201,job99_scenario3_195,in27,195,4,3,
1644421063,200,201,job100_scenario1_196,B14,196,7,2,
1644421063,200,201,job94_scenario3_186,B54,186,8,1,
1644421064,203,204,job103_scenario3_200,B11,200,2,1,
1644421064,206,207,job105_scenario1_204,in27,204,14,2,
1644421064,206,207,job92_scenario1_184,B11,184,9,1,
1644421064,208,209,job87_scenario2_172,B14,172,5,1,
1644421064,209,210,job104_scenario1_203,B54,203,7,1,
1644421064,213,214,job102_scenario4_198,cn12,198,10,1,
1644421064,215,216,job110_scenario2_213,B14,213,4,1,
1644421064,216,217,job109_scenario3_211,B11,211,3,1,
1644421064,217,218,job112_scenario0_217,B54,217,15,1,
1644421064,221,222,job106_scenario3_207,in27,207,8,3,
1644421064,221,222,job114_scenario1_221,B11,221,8,2,
1644421064,221,222,job107_scenario2_208,B14,208,3,1,
1644421064,225,226,job115_scenario2_222,B14,222,6,2,
1644421064,225,226,job113_scenario1_219,cn12,219,18,1,
1644421064,231,232,job119_scenario1_228,in27,228,13,2,
1644421064,231,232,job108_scenario1_209,B11,209,10,1,
1644421064,233,234,job120_scenario1_229,B54,229,4,2,
1644421064,233,234,job118_scenario2_227,B14,227,6,1,
1644421065,239,240,job116_scenario2_223,B54,223,4,1,
1644421065,240,241,job125_scenario2_240,B14,240,3,1,
1644421065,242,243,job123_scenario1_236,B11,236,8,1,
1644421065,244,245,job121_scenario2_233,B14,233,5,3,
1644421065,244,245,job124_scenario2_239,cn12,239,17,2,
1644421065,244,245,job127_scenario1_242,B54,242,7,1,
1644421065,246,247,job126_scenario3_241,in27,241,5,1,
1644421065,251,252,job131_scenario2_247,B14,247,8,2,
1644421065,251,252,job111_scenario0_216,B11,216,23,1,
1644421065,253,254,job133_scenario3_251,in27,251,5,2,
1644421065,253,254,job128_scenario0_243,B54,243,14,1,
1644421065,260,261,job140_scenario2_260,B14,260,3,2,
1644421065,260,261,job139_scenario3_258,in27,258,6,1,
1644421065,262,263,job130_scenario3_246,cn12,246,10,1,
1644421066,265,266,job141_scenario2_261,B14,261,7,1,
1644421066,267,268,job143_scenario3_265,in27,265,8,1,
1644421066,269,270,job138_scenario2_257,B54,257,5,1,
1644421066,273,274,job144_scenario3_267,cn12,267,7,2,
1644421066,273,274,job142_scenario3_262,B14,262,7,1,
1644421066,275,276,job145_scenario4_270,B11,270,7,2,
1644421066,275,276,job146_scenario4_271,B54,271,2,1,
1644421066,276,277,job148_scenario1_274,in27,274,13,1,
1644421066,278,279,job151_scenario1_277,B54,277,4,1,
1644421066,282,283,job134_scenario1_253,B14,253,8,2,
1644421066,282,283,job147_scenario3_273,cn12,273,12,1,
1644421066,284,285,job155_scenario1_282,B54,282,5,2,
1644421066,284,285,job149_scenario4_275,B11,275,4,1,
1644421066,290,291,job150_scenario2_276,in27,276,12,3,
1644421066,290,291,job156_scenario1_284,B11,284,7,2,
1644421066,290,291,job160_scenario2_290,B54,290,1,1,
1644421066,291,292,job158_scenario2_286,B14,286,5,1,
1644421066,292,293,job159_scenario1_288,B54,288,5,1,
1644421067,296,297,job163_scenario1_294,cn12,294,24,1,
1644421067,298,299,job164_scenario4_296,B11,296,6,3,
1644421067,298,299,job165_scenario1_298,B54,298,6,2,
1644421067,298,299,job137_scenario2_256,B14,256,6,1,
1644421067,304,305,job169_scenario4_302,in27,302,10,1,
1644421067,306,307,job154_scenario1_280,B11,280,10,3,
1644421067,306,307,job153_scenario1_279,B54,279,6,2,
1644421067,306,307,job166_scenario3_299,B14,299,6,1,
1644421067,313,314,job172_scenario2_310,B14,310,5,2,
1644421067,313,314,job173_scenario1_311,B54,311,5,1,
1644421067,315,316,job157_scenario3_285,in27,285,5,1,
1644421067,318,319,job175_scenario3_314,B11,314,3,1,
1644421067,319,320,job176_scenario2_315,B14,315,4,2,
1644421067,319,320,job174_scenario4_313,B54,313,2,1,
1644421067,322,323,job180_scenario3_320,in27,320,5,4,
1644421068,322,323,job181_scenario2_322,B54,322,3,3,
1644421068,322,323,job179_scenario2_319,cn12,319,14,2,
1644421068,322,323,job171_scenario2_308,B11,308,10,1,
1644421068,324,325,job177_scenario2_316,B14,316,2,1,
1644421068,327,328,job182_scenario2_323,B14,323,3,2,
1644421068,327,328,job183_scenario1_324,B54,324,7,1,
1644421068,328,329,job178_scenario1_318,in27,318,9,1,
1644421068,332,333,job184_scenario2_328,B14,328,3,1,
1644421068,333,334,job185_scenario1_329,B11,329,12,1,
1644421068,335,336,job187_scenario2_334,B54,334,6,1,
1644421068,337,338,job168_scenario1_301,cn12,301,17,2,
1644421068,337,338,job188_scenario1_335,B14,335,6,1,
1644421068,338,339,job186_scenario0_333,in27,333,28,1,
1644421068,342,343,job162_scenario0_292,B54,292,9,1,
1644421068,345,346,job189_scenario2_338,B14,338,8,1,
1644421068,346,347,job191_scenario0_342,B11,342,23,1,
1644421068,353,354,job170_scenario1_306,B54,306,6,1,
1644421068,355,356,job196_scenario1_350,B14,350,8,2,
1644421069,355,356,job194_scenario2_346,cn12,346,18,1,
1644421069,360,361,job200_scenario1_356,B54,356,4,1,
1644421069,364,365,job203_scenario1_363,B14,363,5,1,
1644421069,365,366,job204_scenario1_364,B54,364,6,1,
1644421069,368,369,job198_scenario1_353,in27,353,10,1,
1644421069,371,372,job195_scenario3_348,B11,348,3,2,
1644421069,371,372,job207_scenario2_369,B14,369,3,1,
1644421069,373,374,job202_scenario1_360,B54,360,2,1,
1644421069,374,375,job199_scenario2_355,cn12,355,16,1,
1644421069,375,376,job197_scenario1_351,B11,351,9,2,
1644421069,375,376,job190_scenario1_340,B14,340,8,1,
1644421069,376,377,job209_scenario1_374,B54,374,3,1,
1644421069,380,381,job212_scenario1_378,B54,378,4,2,
1644421069,380,381,job211_scenario1_376,in27,376,14,1,
1644421070,385,386,job205_scenario0_365,B11,365,21,3,
1644421070,385,386,job213_scenario4_380,B54,380,2,2,
1644421070,385,386,job215_scenario2_382,B14,382,4,1,
1644421070,388,389,job218_scenario1_388,B54,388,5,1,
1644421070,391,392,job217_scenario2_387,B14,387,1,2,
1644421070,391,392,job206_scenario4_368,cn12,368,13,1,
1644421070,394,395,job201_scenario0_357,B14,357,19,2,
1644421070,394,395,job192_scenario0_343,B54,343,12,1,
1644421070,395,396,job208_scenario0_373,in27,373,27,1,
1644421070,405,406,job219_scenario4_395,cn12,395,10,1,
1644421070,408,409,job224_scenario3_405,B11,405,2,2,
1644421070,408,409,job221_scenario1_400,B54,400,5,1,
1644421070,412,413,job225_scenario3_409,B11,409,5,1,
1644421070,414,415,job223_scenario2_404,B14,404,4,2,
1644421070,414,415,job227_scenario4_414,B54,414,4,1,
1644421070,416,417,job214_scenario3_381,cn12,381,6,1,
1644421070,418,419,job226_scenario3_412,B11,412,5,1,
1644421070,420,421,job230_scenario1_417,B14,417,12,2,
1644421070,420,421,job228_scenario1_415,B54,415,7,1,
1644421071,423,424,job222_scenario4_401,in27,401,8,2,
1644421071,423,424,job231_scenario4_418,cn12,418,12,1,
1644421071,425,426,job233_scenario4_421,B11,421,3,1,
1644421071,429,430,job234_scenario1_423,B54,423,7,2,
1644421071,429,430,job235_scenario1_425,B11,425,8,1,
1644421071,432,433,job229_scenario1_416,in27,416,12,1,
1644421071,433,434,job236_scenario1_430,B14,430,6,1,
1644421071,436,437,job216_scenario1_386,cn12,386,17,1,
1644421071,438,439,job237_scenario1_432,B11,432,8,2,
1644421071,438,439,job240_scenario2_436,B54,436,4,1,
1644421071,440,441,job243_scenario2_440,B14,440,4,1,
1644421071,443,444,job239_scenario4_434,B54,434,2,1,
1644421071,446,447,job246_scenario1_443,B14,443,8,3,
1644421071,446,447,job241_scenario1_438,B54,438,3,2,
1644421071,446,447,job242_scenario0_439,in27,439,24,1,
1644421071,448,449,job245_scenario0_442,B11,442,21,1,
1644421071,450,451,job247_scenario1_448,B54,448,7,1,
1644421072,455,456,job244_scenario1_441,cn12,441,20,2,
1644421072,455,456,job250_scenario1_453,B14,453,7,1,
1644421072,458,459,job251_scenario1_457,B54,457,1,1,
1644421072,461,462,job253_scenario2_459,B54,459,4,1,
1644421072,464,465,job256_scenario1_464,B14,464,4,1,
1644421072,466,467,job254_scenario1_461,B54,461,4,1,
1644421072,469,470,job257_scenario1_466,B14,466,11,1,
1644421072,471,472,job249_scenario3_450,in27,450,4,3,
1644421072,471,472,job252_scenario3_458,B11,458,6,2,
1644421072,471,472,job259_scenario4_469,B54,469,4,1,
1644421072,476,477,job238_scenario0_433,B54,433,10,3,
1644421072,476,477,job260_scenario4_476,cn12,476,10,2,
1644421072,476,477,job258_scenario0_467,in27,467,22,1,
1644421072,478,479,job255_scenario0_462,B11,462,22,1,
1644421072,481,482,job261_scenario0_478,B14,478,17,1,
1644421073,488,489,job264_scenario1_483,cn12,483,22,2,
1644421073,488,489,job267_scenario1_488,B54,488,5,1,
1644421073,494,495,job268_scenario2_489,B54,489,6,1,
1644421073,500,501,job270_scenario1_491,B14,491,5,2,
1644421073,500,501,job263_scenario1_481,in27,481,9,1,
1644421073,502,503,job262_scenario3_479,B11,479,1,2,
1644421073,502,503,job273_scenario1_498,B54,498,3,1,
1644421073,504,505,job269_scenario1_490,B11,490,8,1,
1644421073,507,508,job275_scenario2_504,B54,504,6,2,
1644421073,507,508,job272_scenario2_497,B14,497,2,1,
1644421073,510,511,job271_scenario2_494,B14,494,5,2,
1644421073,510,511,job278_scenario1_510,in27,510,13,1,
1644421073,512,513,job266_scenario1_486,cn12,486,19,1,
1644421073,514,515,job280_scenario1_514,B54,514,4,2,
1644421073,514,515,job277_scenario3_507,B11,507,6,1,
1644421073,517,518,job279_scenario2_512,B14,512,6,1,
1644421073,519,520,job281_scenario4_519,B54,519,6,1,
1644421074,521,522,job265_scenario0_484,B11,484,24,1,
1644421074,525,526,job282_scenario1_521,in27,521,11,2,
1644421074,525,526,job276_scenario0_505,B14,505,18,1,
1644421074,527,528,job283_scenario1_522,B54,522,1,1,
1644421074,530,531,job285_scenario0_525,B54,525,13,1,
1644421074,532,533,job274_scenario1_503,cn12,503,19,1,
1644421074,538,539,job284_scenario0_523,in27,523,23,1,
1644421074,544,545,job293_scenario1_544,B54,544,5,2,
1644421074,544,545,job292_scenario1_543,B14,543,7,1,
1644421074,547,548,job286_scenario3_528,B11,528,2,1,
1644421074,551,552,job294_scenario2_549,B54,549,6,2,
1644421074,551,552,job288_scenario1_536,B11,536,7,1,
1644421074,552,553,job296_scenario3_552,cn12,552,8,2,
1644421074,552,553,job295_scenario1_551,B14,551,10,1,
1644421075,559,560,job299_scenario4_556,B11,556,4,2,
1644421075,559,560,job298_scenario1_554,B54,554,2,1,
1644421075,561,562,job290_scenario1_540,cn12,540,17,1,
1644421075,563,564,job287_scenario1_532,in27,532,14,3,
1644421075,563,564,job301_scenario2_559,B14,559,4,2,
1644421075,563,564,job289_scenario1_538,B54,538,7,1,
1644421075,565,566,job300_scenario3_557,B11,557,3,1,
1644421075,569,570,job306_scenario2_567,B14,567,5,2,
1644421075,569,570,job303_scenario3_563,B11,563,2,1,
1644421075,571,572,job305_scenario1_566,B54,566,7,1,
1644421075,573,574,job308_scenario3_570,B11,570,4,1,
1644421075,575,576,job310_scenario0_574,B14,574,13,1,
1644421075,579,580,job297_scenario1_553,B54,553,6,4,
1644421075,579,580,job302_scenario0_561,B11,561,19,3,
1644421075,579,580,job304_scenario3_565,in27,565,5,2,
1644421075,579,580,job311_scenario1_575,cn12,575,22,1,
1644421075,586,587,job291_scenario0_541,in27,541,27,2,
1644421075,586,587,job314_scenario1_582,B54,582,7,1,
1644421076,589,590,job313_scenario3_580,B14,580,3,1,
1644421076,594,595,job317_scenario1_590,B14,590,7,2,
1644421076,594,595,job316_scenario1_589,B54,589,4,1,
1644421076,599,600,job315_scenario3_583,B11,583,3,2,
1644421076,599,600,job321_scenario1_597,B54,597,5,1,
1644421076,602,603,job323_scenario1_600,B14,600,7,2,
1644421076,602,603,job320_scenario1_596,cn12,596,22,1,
1644421076,604,605,job324_scenario3_601,B11,601,6,1,
1644421076,605,606,job318_scenario0_592,B54,592,11,1,
1644421076,610,611,job327_scenario2_607,B14,607,4,1,
1644421076,611,612,job326_scenario4_605,B11,605,7,1,
1644421076,615,616,job331_scenario4_615,B14,615,5,2,
1644421076,615,616,job319_scenario1_594,in27,594,12,1,
1644421076,618,619,job328_scenario1_608,B54,608,4,1,
1644421076,619,620,job333_scenario3_619,B11,619,2,1,
1644421077,622,623,job332_scenario2_616,B14,616,2,2,
1644421077,622,623,job322_scenario3_599,B11,599,4,1,
1644421077,624,625,job329_scenario0_610,B54,610,15,1,
1644421077,625,626,job335_scenario2_624,B14,624,5,2,
1644421077,625,626,job330_scenario3_611,cn12,611,10,1,
1644421077,628,629,job336_scenario0_625,in27,625,24,2,
1644421077,628,629,job307_scenario0_569,B11,569,21,1,
1644421077,632,633,job334_scenario0_620,B14,620,17,1,
1644421077,636,637,job337_scenario2_626,cn12,626,17,1,
1644421077,640,641,job338_scenario1_628,B54,628,4,1,
1644421077,646,647,job344_scenario2_640,B54,640,6,1,
1644421077,651,652,job345_scenario4_641,B11,641,4,2,
1644421077,651,652,job343_scenario2_639,B14,639,2,1,
1644421078,654,655,job348_scenario1_648,B54,648,1,4,
1644421078,654,655,job350_scenario1_654,B14,654,8,3,
1644421078,654,655,job340_scenario3_632,in27,632,4,2,
1644421078,654,655,job346_scenario4_642,cn12,642,12,1,
1644421078,656,657,job351_scenario3_655,B11,655,5,2,
1644421078,656,657,job352_scenario1_656,B54,656,3,1,
1644421078,660,661,job339_scenario1_629,in27,629,10,2,
1644421078,660,661,job349_scenario0_652,B54,652,13,1,
1644421078,662,663,job354_scenario4_658,B11,658,3,1,
1644421078,664,665,job353_scenario1_657,B14,657,7,1,
1644421078,666,667,job356_scenario3_665,B11,665,3,1,
1644421078,668,669,job355_scenario1_662,cn12,662,18,1,
1644421078,670,671,job357_scenario3_666,B11,666,4,1,
1644421078,672,673,job347_scenario0_646,in27,646,25,2,
1644421078,672,673,job359_scenario1_670,B14,670,10,1,
1644421078,674,675,job358_scenario1_668,B54,668,5,1,
1644421078,675,676,job361_scenario3_675,B11,675,2,1,
1644421078,678,679,job341_scenario0_634,B11,634,23,1,
1644421078,681,682,job363_scenario1_677,B54,677,4,1,
1644421078,684,685,job360_scenario1_674,B14,674,6,1,
1644421078,687,688,job366_scenario1_682,B54,682,2,2,
1644421079,687,688,job368_scenario3_685,cn12,685,9,1,
1644421079,690,691,job364_scenario2_678,B54,678,4,1,
1644421079,692,693,job370_scenario2_689,B14,689,4,1,
1644421079,695,696,job369_scenario2_688,B54,688,4,1,
1644421079,698,699,job375_scenario1_698,cn12,698,23,3,
1644421079,698,699,job373_scenario4_695,in27,695,7,2,
1644421079,698,699,job372_scenario2_692,B14,692,1,1,
1644421079,700,701,job367_scenario0_684,B14,684,21,2,
1644421079,700,701,job371_scenario0_690,B54,690,12,1,
1644421079,703,704,job365_scenario4_679,B11,679,5,1,
1644421079,706,707,job377_scenario0_703,in27,703,24,1,
1644421079,709,710,job376_scenario3_700,B11,700,4,1,
1644421079,713,714,job379_scenario1_706,B54,706,4,1,
1644421079,715,716,job381_scenario3_710,B11,710,3,1,
1644421079,718,719,job385_scenario1_718,B54,718,5,1,
1644421080,719,720,job386_scenario1_719,B11,719,11,1,
1644421080,722,723,job378_scenario2_705,B14,705,4,2,
1644421080,722,723,job380_scenario2_709,cn12,709,17,1,
1644421080,724,725,job384_scenario1_716,B54,716,3,1,
1644421080,728,729,job362_scenario0_676,B14,676,19,2,
1644421080,728,729,job389_scenario0_723,B54,723,11,1,
1644421080,732,733,job388_scenario0_722,in27,722,22,2,
1644421080,732,733,job391_scenario3_725,B11,725,1,1,
1644421080,734,735,job393_scenario2_733,B11,733,11,1,
1644421080,741,742,job390_scenario2_724,cn12,724,19,2,
1644421080,741,742,job392_scenario1_730,B54,730,6,1,
1644421080,747,748,job395_scenario0_745,B11,745,23,1,
1644421080,749,750,job394_scenario0_734,B14,734,18,2,
1644421080,749,750,job396_scenario0_747,B54,747,13,1,
1644421080,756,757,job382_scenario0_712,in27,712,24,1,
1644421081,762,763,job397_scenario1_749,cn12,749,18,1,
1644421081,764,765,job401_scenario0_764,B54,764,11,1,
1644421081,768,769,job403_scenario2_768,B14,768,5,1,
1644421081,772,773,job400_scenario0_759,B11,759,23,1,
1644421081,774,775,job404_scenario2_773,B14,773,4,1,
1644421081,776,777,job399_scenario1_756,B54,756,3,1,
1644421081,780,781,job408_scenario2_777,B14,777,6,2,
1644421081,780,781,job402_scenario1_765,B54,765,6,1,
1644421081,782,783,job407_scenario1_776,in27,776,15,2,
1644421081,782,783,job406_scenario1_775,cn12,775,18,1,
1644421081,788,789,job409_scenario1_783,B54,783,6,2,
1644421081,788,789,job411_scenario1_786,B14,786,7,1,
1644421082,796,797,job398_scenario0_750,B54,750,13,3,
1644421082,796,797,job410_scenario2_785,B14,785,2,2,
1644421082,796,797,job405_scenario3_774,B11,774,5,1,
1644421082,798,799,job416_scenario0_798,in27,798,27,1,
1644421082,799,800,job415_scenario0_794,B14,794,17,1,
1644421082,801,802,job412_scenario3_788,cn12,788,10,1,
1644421082,802,803,job413_scenario3_789,B11,789,7,1,
1644421082,811,812,job417_scenario4_799,B54,799,3,2,
1644421082,811,812,job421_scenario3_803,B11,803,6,1,
1644421082,812,813,job423_scenario3_808,cn12,808,8,1,
1644421082,815,816,job419_scenario2_801,B54,801,9,1,
1644421082,818,819,job426_scenario3_815,B11,815,2,2,
1644421082,818,819,job420_scenario2_802,B14,802,3,1,
1644421082,822,823,job424_scenario1_811,cn12,811,21,3,
1644421082,822,823,job425_scenario3_812,B11,812,3,2,
1644421082,822,823,job422_scenario1_805,B14,805,7,1,
1644421082,825,826,job428_scenario1_824,B54,824,8,1,
1644421082,827,828,job418_scenario1_800,in27,800,14,2,
1644421083,827,828,job414_scenario0_793,B11,793,23,1,
1644421083,830,831,job430_scenario2_830,B14,830,3,1,
1644421083,835,836,job427_scenario1_818,B54,818,4,2,
1644421083,835,836,job429_scenario2_825,B14,825,3,1,
1644421083,840,841,job434_scenario3_838,B54,838,8,2,
1644421083,840,841,job432_scenario0_832,B14,832,16,1,
1644421083,842,843,job435_scenario3_842,in27,842,5,1,
1644421083,845,846,job433_scenario3_836,cn12,836,11,1,
1644421083,849,850,job438_scenario0_849,in27,849,25,2,
1644421083,849,850,job436_scenario1_845,B54,845,5,1,
1644421083,852,853,job431_scenario4_831,B11,831,7,1,
1644421083,855,856,job439_scenario2_850,B54,850,4,1,
1644421083,857,858,job442_scenario3_855,cn12,855,8,2,
1644421083,857,858,job443_scenario1_856,B14,856,7,1,
1644421083,861,862,job440_scenario1_853,B11,853,10,2,
1644421083,861,862,job444_scenario2_857,B54,857,6,1,
1644421083,865,866,job448_scenario2_865,B14,865,4,1,
1644421083,867,868,job445_scenario1_862,cn12,862,18,1,
1644421084,869,870,job446_scenario1_863,B54,863,5,1,
1644421084,870,871,job449_scenario4_867,B14,867,4,1,
1644421084,872,873,job437_scenario0_846,B11,846,26,1,
1644421084,876,877,job441_scenario0_854,B54,854,15,3,
1644421084,876,877,job450_scenario3_870,B14,870,5,2,
1644421084,876,877,job447_scenario0_864,in27,864,24,1,
1644421084,883,884,job452_scenario2_874,B14,874,5,1,
1644421084,886,887,job451_scenario3_872,cn12,872,10,1,
1644421084,889,890,job455_scenario2_886,B14,886,5,1,
1644421084,892,893,job454_scenario2_880,B54,880,4,1,
1644421084,896,897,job459_scenario2_891,B14,891,5,1,
1644421084,898,899,job462_scenario2_898,cn12,898,15,2,
1644421084,898,899,job457_scenario2_889,B54,889,7,1,
1644421084,900,901,job461_scenario1_896,B11,896,12,1,
1644421085,901,902,job453_scenario0_876,in27,876,22,1,
1644421085,902,903,job458_scenario3_890,B14,890,1,1,
1644421085,905,906,job465_scenario1_905,B14,905,6,1,
1644421085,907,908,job456_scenario0_887,B54,887,11,1,
1644421085,912,913,job466_scenario1_907,B14,907,10,1,
1644421085,914,915,job467_scenario3_912,B11,912,2,2,
1644421085,914,915,job468_scenario4_914,cn12,914,7,1,
1644421085,917,918,job471_scenario4_917,B11,917,6,1,
1644421085,920,921,job470_scenario2_916,B54,916,5,1,
1644421085,922,923,job474_scenario2_921,cn12,921,19,1,
1644421085,923,924,job469_scenario2_915,B14,915,4,1,
1644421085,925,926,job464_scenario3_902,in27,902,7,2,
1644421085,925,926,job460_scenario4_892,B11,892,4,1,
1644421085,926,927,job477_scenario1_925,B54,925,4,1,
1644421085,929,930,job480_scenario2_929,B14,929,5,1,
1644421085,930,931,job476_scenario3_923,B11,923,4,1,
1644421085,932,933,job478_scenario2_926,B54,926,4,1,
1644421085,934,935,job473_scenario1_920,in27,920,14,1,
1644421086,936,937,job479_scenario4_927,B11,927,6,2,
1644421086,936,937,job482_scenario2_932,B14,932,6,1,
1644421086,937,938,job475_scenario2_922,B54,922,7,1,
1644421086,943,944,job486_scenario1_943,B11,943,12,3,
1644421086,943,944,job483_scenario1_934,B14,934,10,2,
1644421086,943,944,job484_scenario4_937,cn12,937,9,1,
1644421086,946,947,job472_scenario0_918,B54,918,11,1,
1644421086,950,951,job481_scenario0_930,in27,930,28,1,
1644421086,953,954,job463_scenario0_901,cn12,901,53,1,
1644421086,955,956,job485_scenario4_940,B14,940,5,1,
1644421086,957,958,job489_scenario0_957,B11,957,24,1,
1644421086,958,959,job490_scenario2_958,B54,958,2,1,
1644421086,961,962,job491_scenario1_961,B54,961,5,2,
1644421086,961,962,job488_scenario0_953,B14,953,16,1,
1644421086,968,969,job492_scenario1_966,B54,966,6,1,
1644421087,975,976,job487_scenario0_952,B54,952,12,1,
1644421087,978,979,job494_scenario2_975,B14,975,2,1,
1644421087,979,980,job493_scenario0_968,in27,968,25,1,
1644421087,981,982,job496_scenario2_979,B14,979,3,1,
1644421087,983,984,job495_scenario4_978,B11,978,8,1,
1644421087,986,987,job498_scenario1_981,B14,981,4,1,
1644421087,988,989,job497_scenario2_980,B54,980,4,1,
1644421087,992,993,job499_scenario3_986,B11,986,4,2,
1644421087,992,993,job501_scenario2_992,B14,992,4,1,
1644421087,994,995,job500_scenario0_988,B54,988,13,1,
1644421087,997,998,job502_scenario0_996,B11,996,24,2,
1644421087,997,998,job503_scenario0_997,B14,997,21,1,
1644421087,1006,1007,job505_scenario2_999,in27,999,15,1,
1644421087,1007,1008,job504_scenario4_998,cn12,998,11,1,
1644421087,1009,1010,job506_scenario2_1001,B54,1001,5,1,
1644421088,1015,1016,job511_scenario1_1010,B54,1010,9,1,
1644421088,1019,1020,job515_scenario1_1019,B14,1019,12,2,
1644421088,1019,1020,job514_scenario3_1018,cn12,1018,10,1,
1644421088,1022,1023,job510_scenario3_1007,B11,1007,2,2,
1644421088,1022,1023,job508_scenario1_1003,in27,1003,15,1,
1644421088,1026,1027,job507_scenario0_1002,B54,1002,14,2,
1644421088,1026,1027,job512_scenario4_1012,B11,1012,2,1,
1644421088,1030,1031,job509_scenario2_1006,cn12,1006,17,2,
1644421088,1030,1031,job516_scenario3_1020,B11,1020,2,1,
1644421088,1033,1034,job519_scenario0_1028,B14,1028,17,2,
1644421088,1033,1034,job517_scenario0_1021,B11,1021,23,1,
1644421088,1038,1039,job513_scenario0_1015,in27,1015,26,1,
1644421088,1041,1042,job522_scenario4_1038,B54,1038,3,1,
1644421088,1046,1047,job520_scenario0_1033,B54,1033,11,1,
1644421089,1049,1050,job521_scenario3_1035,cn12,1035,10,1,
1644421089,1052,1053,job528_scenario3_1050,B14,1050,6,1,
1644421089,1057,1058,job524_scenario3_1043,B11,1043,3,1,
1644421089,1059,1060,job527_scenario2_1047,B54,1047,3,2,
1644421089,1059,1060,job518_scenario0_1022,B14,1022,16,1,
1644421089,1061,1062,job526_scenario0_1046,cn12,1046,47,2,
1644421089,1061,1062,job529_scenario3_1056,B11,1056,6,1,
1644421089,1064,1065,job530_scenario2_1057,B54,1057,7,1,
1644421089,1066,1067,job523_scenario0_1041,in27,1041,25,1,
1644421089,1069,1070,job525_scenario0_1044,B11,1044,22,1,
1644421089,1073,1074,job532_scenario4_1070,B54,1070,3,1,
1644421089,1077,1078,job534_scenario2_1075,B54,1075,5,2,
1644421089,1077,1078,job531_scenario1_1062,B14,1062,6,1,
1644421089,1083,1084,job536_scenario2_1082,B54,1082,5,1,
1644421089,1084,1085,job537_scenario0_1083,B14,1083,16,1,
1644421090,1090,1091,job540_scenario2_1087,B54,1087,3,1,
1644421090,1092,1093,job539_scenario4_1086,in27,1086,8,2,
1644421090,1092,1093,job538_scenario4_1084,B11,1084,4,1,
1644421090,1095,1096,job541_scenario1_1091,B54,1091,4,1,
1644421090,1097,1098,job535_scenario0_1078,B11,1078,24,1,
1644421090,1101,1102,job546_scenario0_1098,in27,1098,26,3,
1644421090,1101,1102,job544_scenario0_1096,B14,1096,19,2,
1644421090,1101,1102,job542_scenario1_1092,B54,1092,4,1,
1644421090,1106,1107,job549_scenario1_1106,B54,1106,1,1,
1644421090,1109,1110,job548_scenario0_1102,B54,1102,15,2,
1644421090,1109,1110,job547_scenario4_1099,cn12,1099,10,1,
1644421090,1121,1122,job533_scenario3_1074,cn12,1074,11,2,
1644421090,1121,1122,job553_scenario1_1114,B14,1114,7,1,
1644421090,1122,1123,job557_scenario3_1121,B11,1121,5,1,
1644421090,1125,1126,job554_scenario1_1116,B54,1116,3,1,
1644421091,1128,1129,job551_scenario3_1112,in27,1112,7,2,
1644421091,1128,1129,job559_scenario4_1125,B11,1125,5,1,
1644421091,1129,1130,job556_scenario1_1118,B14,1118,8,2,
1644421091,1129,1130,job560_scenario1_1126,B54,1126,5,1,
1644421091,1134,1135,job555_scenario2_1117,B11,1117,6,2,
1644421091,1134,1135,job550_scenario2_1107,cn12,1107,18,1,
1644421091,1136,1137,job561_scenario1_1128,in27,1128,12,2,
1644421091,1136,1137,job563_scenario1_1130,B54,1130,8,1,
1644421091,1139,1140,job565_scenario2_1134,B14,1134,4,1,
1644421091,1142,1143,job566_scenario3_1137,B11,1137,4,1,
1644421091,1145,1146,job564_scenario1_1131,B14,1131,8,2,
1644421091,1145,1146,job552_scenario0_1113,B54,1113,12,1,
1644421091,1147,1148,job562_scenario1_1129,B11,1129,10,1,
1644421091,1149,1150,job570_scenario0_1148,in27,1148,27,1,
1644421091,1153,1154,job575_scenario3_1153,cn12,1153,6,1,
1644421091,1155,1156,job568_scenario2_1146,B14,1146,3,1,
1644421092,1158,1159,job573_scenario3_1151,B11,1151,3,2,
1644421092,1158,1159,job571_scenario1_1149,B54,1149,7,1,
1644421092,1160,1161,job558_scenario1_1122,B14,1122,8,2,
1644421092,1160,1161,job577_scenario4_1158,cn12,1158,9,1,
1644421092,1162,1163,job567_scenario1_1140,B11,1140,9,1,
1644421092,1166,1167,job576_scenario0_1157,B54,1157,9,1,
1644421092,1169,1170,job578_scenario2_1162,B14,1162,3,1,
1644421092,1171,1172,job581_scenario2_1165,cn12,1165,17,1,
1644421092,1173,1174,job586_scenario2_1173,B11,1173,8,2,
1644421092,1173,1174,job582_scenario2_1166,B14,1166,3,1,
1644421092,1177,1178,job585_scenario2_1171,B14,1171,5,3,
1644421092,1177,1178,job583_scenario3_1168,in27,1168,9,2,
1644421092,1177,1178,job579_scenario1_1163,B54,1163,5,1,
1644421092,1183,1184,job587_scenario4_1174,B11,1174,6,3,
1644421092,1183,1184,job589_scenario1_1183,B14,1183,6,2,
1644421092,1183,1184,job574_scenario0_1152,B54,1152,12,1,
1644421092,1188,1189,job588_scenario1_1175,in27,1175,13,1,
1644421093,1190,1191,job592_scenario2_1186,cn12,1186,20,3,
1644421093,1190,1191,job590_scenario2_1184,B14,1184,4,2,
1644421093,1190,1191,job591_scenario3_1185,B11,1185,6,1,
1644421093,1195,1196,job593_scenario2_1188,B14,1188,3,1,
1644421093,1196,1197,job597_scenario1_1195,B54,1195,6,1,
1644421093,1197,1198,job599_scenario3_1197,B11,1197,3,1,
1644421093,1199,1200,job584_scenario0_1169,B14,1169,16,1,
1644421093,1202,1203,job600_scenario3_1199,B11,1199,2,2,
1644421093,1202,1203,job598_scenario3_1196,in27,1196,5,1,
1644421093,1203,1204,job596_scenario2_1194,B54,1194,6,1,
1644421093,1205,1206,job595_scenario0_1193,B11,1193,23,1,
1644421093,1209,1210,job601_scenario0_1203,in27,1203,22,1,
1644421093,1211,1212,job594_scenario1_1190,B54,1190,5,2,
1644421093,1211,1212,job604_scenario1_1207,cn12,1207,24,1,
1644421093,1217,1218,job606_scenario2_1214,B14,1214,3,2,
1644421093,1217,1218,job605_scenario1_1211,B54,1211,6,1,
1644421094,1222,1223,job603_scenario1_1206,B14,1206,6,1,
1644421094,1225,1226,job607_scenario4_1217,B54,1217,1,1,
1644421094,1228,1229,job602_scenario3_1205,B54,1205,7,1,
1644421094,1230,1231,job608_scenario1_1230,B14,1230,8,2,
1644421094,1234,1235,job610_scenario4_1234,B11,1234,6,2,
1644421094,1236,1237,job609_scenario0_1233,B54,1233,17,3,
1644421094,1239,1240,job611_scenario2_1236,B14,1236,2,3,
1644421094,1241,1242,job613_scenario2_1241,B11,1241,11,3,
1644421094,1242,1243,job612_scenario3_1239,B14,1239,9,3,
1644421094,1242,1243,job614_scenario1_1242,in27,1242,10,2,
1644421094,1253,1254,job615_scenario3_1247,B11,1247,2,4,
1644421094,1253,1254,job616_scenario0_1248,B14,1248,18,3,
1644421094,1254,1255,job617_scenario4_1253,B54,1253,3,3,
1644421094,1257,1258,job618_scenario4_1254,B11,1254,6,3,
1644421094,1257,1258,job620_scenario0_1257,in27,1257,24,2,
1644421094,1259,1260,job619_scenario1_1255,B54,1255,6,2,
1644421095,1265,1266,job621_scenario4_1262,B11,1262,8,2,
1644421095,1267,1268,job622_scenario1_1263,B54,1263,6,2,
1644421095,1273,1274,job623_scenario1_1267,B14,1267,6,2,
1644421095,1275,1276,job624_scenario2_1275,B54,1275,9,3,
1644421095,1276,1277,job625_scenario3_1276,B11,1276,4,2,
1644421095,1280,1281,job626_scenario0_1278,B14,1278,19,2,
1644421095,1282,1283,job627_scenario3_1280,B11,1280,1,3,
1644421095,1285,1286,job628_scenario0_1282,B54,1282,13,4,
1644421095,1297,1298,job630_scenario0_1295,in27,1295,25,3,
1644421095,1300,1301,job632_scenario2_1300,B14,1300,5,4,
1644421095,1300,1301,job629_scenario1_1294,B54,1294,4,3,
1644421095,1300,1301,job631_scenario0_1297,B11,1297,22,2,
1644421095,1306,1307,job634_scenario0_1302,cn12,1302,54,3,
1644421096,1306,1307,job635_scenario1_1306,B54,1306,2,2,
1644421096,1306,1307,job633_scenario2_1301,B14,1301,3,1,
1644421096,1310,1311,job636_scenario2_1309,B14,1309,6,2,
1644421096,1310,1311,job637_scenario3_1310,B54,1310,9,1,
1644421096,1318,1319,job640_scenario2_1316,B14,1316,3,1,
1644421096,1321,1322,job642_scenario2_1321,B54,1321,6,1,
1644421096,1322,1323,job643_scenario2_1322,B14,1322,5,1,
1644421096,1324,1325,job638_scenario0_1313,in27,1313,24,2,
1644421096,1327,1328,job644_scenario3_1327,B11,1327,1,1,
1644421096,1329,1330,job645_scenario4_1329,B11,1329,5,3,
1644421096,1329,1330,job641_scenario2_1319,B54,1319,6,2,
1644421096,1329,1330,job639_scenario0_1314,B14,1314,17,1,
1644421096,1336,1337,job646_scenario4_1335,B54,1335,4,2,
1644421096,1339,1340,job647_scenario3_1339,B11,1339,4,1,
1644421096,1347,1348,job648_scenario2_1346,B14,1346,8,3,
1644421096,1347,1348,job649_scenario2_1347,B54,1347,6,2,
1644421097,1355,1356,job650_scenario1_1349,B54,1349,4,3,
1644421097,1355,1356,job652_scenario0_1355,B11,1355,22,2,
1644421097,1356,1357,job651_scenario2_1351,B14,1351,6,2,
1644421097,1356,1357,job653_scenario1_1356,in27,1356,14,1,
1644421097,1363,1364,job655_scenario4_1363,B54,1363,2,3,
1644421097,1363,1364,job654_scenario2_1361,B14,1361,8,2,
1644421097,1364,1365,job656_scenario4_1364,cn12,1364,7,1,
1644421097,1366,1367,job657_scenario0_1366,B54,1366,15,1,
1644421097,1371,1372,job659_scenario1_1371,in27,1371,14,1,
1644421097,1372,1373,job658_scenario0_1368,cn12,1368,53,2,
1644421097,1372,1373,job660_scenario1_1372,B14,1372,6,1,
1644421097,1378,1379,job661_scenario3_1375,B11,1375,1,1,
1644421097,1380,1381,job662_scenario0_1378,B14,1378,18,2,
1644421097,1384,1385,job663_scenario1_1384,B54,1384,6,2,
1644421097,1385,1386,job664_scenario1_1385,B11,1385,12,1,
1644421097,1386,1387,job665_scenario1_1386,in27,1386,15,1,
1644421097,1392,1393,job668_scenario2_1392,B54,1392,3,1,
1644421098,1396,1397,job669_scenario0_1394,B54,1394,15,1,
1644421098,1399,1400,job670_scenario1_1396,B11,1396,10,2,
1644421098,1399,1400,job672_scenario2_1399,B14,1399,5,1,
1644421098,1402,1403,job666_scenario0_1387,in27,1387,26,1,
1644421098,1406,1407,job674_scenario2_1402,B14,1402,3,1,
1644421098,1411,1412,job667_scenario1_1388,B14,1388,7,2,
1644421098,1411,1412,job673_scenario2_1400,B11,1400,10,1,
1644421098,1412,1413,job671_scenario1_1397,B54,1397,5,1,
1644421098,1419,1420,job678_scenario2_1417,B14,1417,3,2,
1644421098,1419,1420,job675_scenario0_1409,B54,1409,15,1,
1644421098,1423,1424,job676_scenario1_1412,B14,1412,7,2,
1644421098,1423,1424,job677_scenario1_1415,B11,1415,8,1,
1644421098,1429,1430,job679_scenario2_1421,in27,1421,13,2,
1644421098,1432,1433,job680_scenario0_1428,B11,1428,21,3,
1644421098,1432,1433,job681_scenario1_1429,B14,1429,8,2,
1644421099,1433,1434,job683_scenario3_1433,cn12,1433,8,1,
1644421099,1436,1437,job684_scenario1_1434,B54,1434,6,1,
1644421099,1442,1443,job686_scenario3_1438,cn12,1438,9,2,
1644421099,1442,1443,job685_scenario2_1437,B14,1437,5,1,
1644421099,1444,1445,job687_scenario1_1440,B54,1440,3,2,
1644421099,1444,1445,job682_scenario4_1430,in27,1430,2,1,
1644421099,1447,1448,job689_scenario3_1447,in27,1447,4,1,
1644421099,1449,1450,job688_scenario1_1445,B14,1445,11,2,
1644421099,1449,1450,job690_scenario3_1449,B54,1449,4,1,
1644421099,1455,1456,job691_scenario4_1451,B11,1451,5,4,
1644421099,1455,1456,job693_scenario0_1453,B54,1453,11,3,
1644421099,1462,1463,job694_scenario1_1456,B11,1456,9,4,
1644421099,1462,1463,job692_scenario2_1452,B14,1452,6,3,
1644421099,1468,1469,job695_scenario3_1463,B54,1463,7,3,
1644421100,1475,1476,job697_scenario1_1475,B14,1475,5,4,
1644421100,1477,1478,job696_scenario1_1472,B54,1472,8,4,
1644421100,1477,1478,job698_scenario0_1477,B11,1477,23,3,
1644421100,1484,1485,job700_scenario0_1484,B14,1484,17,3,
1644421100,1487,1488,job701_scenario0_1487,B54,1487,15,3,
1644421100,1487,1488,job699_scenario0_1478,in27,1478,28,2,
1644421100,1488,1489,job702_scenario3_1488,cn12,1488,10,1,
1644421100,1500,1501,job708_scenario3_1500,cn12,1500,7,1,
1644421100,1502,1503,job709_scenario3_1502,B11,1502,2,2,
1644421100,1502,1503,job705_scenario2_1493,B14,1493,2,1,
1644421100,1504,1505,job704_scenario0_1491,B54,1491,15,1,
1644421100,1506,1507,job710_scenario1_1504,B14,1504,8,2,
1644421100,1506,1507,job707_scenario2_1498,B11,1498,15,1,
1644421100,1516,1517,job706_scenario0_1496,B14,1496,19,3,
1644421101,1521,1522,job703_scenario3_1489,in27,1489,4,3,
1644421101,1521,1522,job711_scenario1_1513,B54,1513,7,2,
1644421101,1523,1524,job712_scenario1_1521,B11,1521,13,2,
1644421101,1528,1529,job713_scenario4_1528,in27,1528,6,2,
1644421101,1530,1531,job715_scenario1_1530,B54,1530,7,2,
1644421101,1536,1537,job716_scenario1_1536,B14,1536,6,3,
1644421101,1536,1537,job714_scenario3_1529,in27,1529,9,2,
1644421101,1540,1541,job717_scenario0_1540,B54,1540,14,3,
1644421101,1542,1543,job718_scenario4_1542,B11,1542,5,2,
1644421101,1545,1546,job720_scenario0_1545,B14,1545,17,2,
1644421101,1547,1548,job719_scenario3_1544,in27,1544,4,2,
1644421101,1549,1550,job722_scenario2_1549,cn12,1549,17,2,
1644421101,1549,1550,job721_scenario0_1547,B11,1547,22,1,
1644421101,1553,1554,job724_scenario1_1553,in27,1553,14,1,
1644421101,1556,1557,job723_scenario1_1550,B54,1550,5,1,
1644421101,1563,1564,job725_scenario0_1559,B14,1559,17,2,
1644421102,1565,1566,job726_scenario4_1565,B54,1565,2,1,
1644421102,1568,1569,job728_scenario1_1568,B54,1568,5,3,
1644421102,1568,1569,job727_scenario1_1566,in27,1566,18,2,
1644421102,1573,1574,job730_scenario3_1573,B11,1573,3,2,
1644421102,1576,1577,job731_scenario3_1576,B54,1576,8,2,
1644421102,1578,1579,job729_scenario3_1571,B11,1571,2,2,
1644421102,1582,1583,job733_scenario0_1582,B14,1582,15,3,
1644421102,1586,1587,job732_scenario1_1578,B54,1578,5,3,
1644421102,1587,1588,job734_scenario3_1587,B11,1587,7,3,
1644421102,1588,1589,job735_scenario4_1588,cn12,1588,9,2,
1644421102,1593,1594,job737_scenario0_1593,B54,1593,18,2,
1644421102,1594,1595,job738_scenario0_1594,in27,1594,27,1,
1644421102,1596,1597,job736_scenario3_1589,B11,1589,2,1,
1644421102,1598,1599,job740_scenario0_1598,B14,1598,19,2,
1644421102,1599,1600,job739_scenario1_1597,B11,1597,14,2,
1644421102,1600,1601,job741_scenario1_1600,cn12,1600,21,1,
1644421102,1613,1614,job744_scenario1_1608,B54,1608,5,1,
1644421103,1614,1615,job747_scenario2_1613,B11,1613,9,1,
1644421103,1619,1620,job743_scenario1_1604,B14,1604,3,2,
1644421103,1619,1620,job745_scenario0_1610,B54,1610,14,1,
1644421103,1622,1623,job750_scenario4_1622,cn12,1622,11,2,
1644421103,1622,1623,job742_scenario1_1602,in27,1602,13,1,
1644421103,1624,1625,job748_scenario4_1614,B11,1614,2,2,
1644421103,1624,1625,job749_scenario4_1617,B14,1617,6,1,
1644421103,1630,1631,job751_scenario1_1630,B11,1630,5,1,
1644421103,1635,1636,job746_scenario0_1611,B54,1611,12,3,
1644421103,1636,1637,job752_scenario2_1636,B14,1636,4,4,
1644421103,1639,1640,job753_scenario1_1639,B11,1639,10,3,
1644421103,1641,1642,job754_scenario1_1640,in27,1640,9,3,
1644421103,1641,1642,job755_scenario0_1641,B14,1641,14,2,
1644421103,1649,1650,job758_scenario4_1649,cn12,1649,8,2,
1644421103,1649,1650,job756_scenario0_1646,B54,1646,15,1,
1644421103,1651,1652,job757_scenario0_1647,B11,1647,23,2,
1644421103,1652,1653,job759_scenario0_1652,in27,1652,23,1,
1644421103,1657,1658,job762_scenario2_1657,B14,1657,5,1,
1644421104,1658,1659,job761_scenario1_1655,cn12,1655,20,1,
1644421104,1663,1664,job764_scenario3_1660,B14,1660,4,1,
1644421104,1665,1666,job763_scenario1_1658,B54,1658,4,1,
1644421104,1668,1669,job767_scenario2_1667,B14,1667,3,1,
1644421104,1671,1672,job760_scenario1_1654,B54,1654,2,1,
1644421104,1673,1674,job766_scenario2_1665,B14,1665,6,1,
1644421104,1674,1675,job769_scenario1_1671,B54,1671,6,1,
1644421104,1676,1677,job771_scenario1_1674,B11,1674,9,2,
1644421104,1676,1677,job765_scenario4_1663,in27,1663,10,1,
1644421104,1680,1681,job770_scenario0_1673,B14,1673,19,2,
1644421104,1681,1682,job768_scenario1_1668,B54,1668,5,2,
1644421104,1687,1688,job772_scenario4_1677,B11,1677,7,4,
1644421104,1687,1688,job775_scenario3_1687,cn12,1687,7,3,
1644421104,1687,1688,job774_scenario4_1682,B54,1682,4,2,
1644421104,1687,1688,job773_scenario0_1681,in27,1681,24,1,
1644421104,1693,1694,job776_scenario2_1688,B54,1688,6,1,
1644421104,1700,1701,job778_scenario2_1700,B14,1700,3,4,
1644421104,1700,1701,job777_scenario2_1695,B54,1695,5,3,
1644421104,1703,1704,job779_scenario1_1702,B11,1702,8,2,
1644421105,1704,1705,job781_scenario0_1704,B14,1704,17,2,
1644421105,1707,1708,job780_scenario0_1703,B54,1703,17,2,
1644421105,1708,1709,job782_scenario0_1708,cn12,1708,54,1,
1644421105,1713,1714,job783_scenario0_1711,in27,1711,24,2,
1644421105,1716,1717,job784_scenario2_1716,B11,1716,10,1,
1644421105,1723,1724,job785_scenario2_1720,B14,1720,3,1,
1644421105,1730,1731,job786_scenario4_1730,B54,1730,6,3,
1644421105,1731,1732,job787_scenario1_1731,B11,1731,6,2,
1644421105,1737,1738,job789_scenario0_1737,B14,1737,17,2,
1644421105,1737,1738,job788_scenario0_1734,B54,1734,15,1,
1644421105,1738,1739,job790_scenario0_1738,B11,1738,22,2,
1644421105,1739,1740,job791_scenario3_1739,in27,1739,5,1,
1644421105,1746,1747,job792_scenario0_1742,in27,1742,23,1,
1644421105,1753,1754,job793_scenario1_1748,B54,1748,6,1,
1644421106,1755,1756,job794_scenario3_1753,B14,1753,7,1,
1644421106,1760,1761,job796_scenario1_1755,B54,1755,5,1,
1644421106,1762,1763,job795_scenario4_1754,B11,1754,4,1,
1644421106,1767,1768,job797_scenario1_1760,B54,1760,4,4,
1644421106,1767,1768,job798_scenario4_1763,B11,1763,4,3,
1644421106,1769,1770,job799_scenario1_1769,B14,1769,8,2,
1644421106,1773,1774,job800_scenario1_1771,B54,1771,2,4,
1644421106,1777,1778,job801_scenario0_1777,B54,1777,13,4,
1644421106,1779,1780,job802_scenario0_1779,B14,1779,13,4,
1644421106,1780,1781,job803_scenario0_1780,in27,1780,31,3,
1644421106,1783,1784,job804_scenario0_1783,B11,1783,20,2,
1644421106,1792,1793,job805_scenario2_1787,B54,1787,6,2,
1644421106,1796,1797,job807_scenario1_1796,B14,1796,8,2,
1644421106,1799,1800,job806_scenario4_1795,B54,1795,4,2,
1644421106,1799,1800,job808_scenario1_1799,cn12,1799,20,1,
1644421106,1805,1806,job809_scenario3_1800,B11,1800,3,3,
1644421107,1809,1810,job810_scenario3_1809,B14,1809,3,3,
1644421107,1814,1815,job811_scenario0_1814,B54,1814,11,4,
1644421107,1818,1819,job812_scenario2_1818,B14,1818,7,3,
1644421107,1819,1820,job813_scenario3_1819,B11,1819,3,2,
1644421107,1826,1827,job815_scenario3_1826,B11,1826,5,5,
1644421107,1826,1827,job814_scenario0_1821,B14,1821,17,4,
1644421107,1828,1829,job816_scenario1_1828,B54,1828,7,3,
1644421107,1835,1836,job818_scenario3_1835,B11,1835,2,3,
1644421107,1836,1837,job819_scenario1_1836,B54,1836,6,3,
1644421107,1837,1838,job820_scenario0_1837,in27,1837,28,2,
1644421107,1843,1844,job817_scenario1_1834,B11,1834,9,3,
1644421107,1844,1845,job822_scenario4_1844,B54,1844,2,3,
1644421107,1844,1845,job821_scenario2_1843,B14,1843,5,2,
1644421107,1848,1849,job824_scenario1_1848,B54,1848,3,2,
1644421107,1851,1852,job825_scenario2_1851,B14,1851,5,2,
1644421107,1853,1854,job823_scenario0_1846,B54,1846,11,3,
1644421107,1853,1854,job826_scenario0_1853,B11,1853,22,2,
1644421108,1861,1862,job827_scenario0_1861,B14,1861,15,2,
1644421108,1866,1867,job828_scenario0_1864,B54,1864,16,3,
1644421108,1867,1868,job829_scenario1_1867,in27,1867,15,2,
1644421108,1871,1872,job831_scenario0_1871,cn12,1871,53,1,
1644421108,1876,1877,job832_scenario4_1872,B11,1872,2,1,
1644421108,1878,1879,job830_scenario2_1870,B14,1870,2,1,
1644421108,1880,1881,job836_scenario0_1880,B11,1880,22,1,
1644421108,1881,1882,job834_scenario1_1876,B14,1876,8,1,
1644421108,1884,1885,job837_scenario1_1881,B54,1881,6,2,
1644421108,1884,1885,job833_scenario1_1873,in27,1873,9,1,
1644421108,1890,1891,job838_scenario0_1882,B14,1882,19,1,
1644421108,1891,1892,job840_scenario1_1890,B54,1890,4,1,
1644421108,1895,1896,job844_scenario3_1895,in27,1895,9,1,
1644421108,1897,1898,job835_scenario4_1879,B54,1879,1,1,
1644421108,1900,1901,job839_scenario1_1887,B54,1887,3,1,
1644421109,1904,1905,job841_scenario1_1891,B54,1891,6,2,
1644421109,1904,1905,job846_scenario4_1901,B11,1901,4,1,
1644421109,1905,1906,job848_scenario0_1905,in27,1905,20,1,
1644421109,1910,1911,job843_scenario1_1893,B14,1893,10,2,
1644421109,1910,1911,job845_scenario1_1897,B11,1897,9,1,
1644421109,1912,1913,job849_scenario1_1907,B54,1907,5,1,
1644421109,1919,1920,job850_scenario1_1915,B54,1915,3,1,
1644421109,1920,1921,job847_scenario1_1904,B11,1904,10,1,
1644421109,1922,1923,job853_scenario3_1922,B14,1922,6,1,
1644421109,1924,1925,job852_scenario0_1920,B54,1920,12,1,
1644421109,1926,1927,job851_scenario4_1917,cn12,1917,8,2,
1644421109,1926,1927,job854_scenario0_1926,in27,1926,27,1,
1644421109,1930,1931,job842_scenario1_1892,B14,1892,12,1,
1644421109,1932,1933,job855_scenario4_1932,B11,1932,5,1,
1644421109,1938,1939,job856_scenario4_1934,B11,1934,2,3,
1644421109,1938,1939,job858_scenario4_1938,B54,1938,3,2,
1644421109,1942,1943,job859_scenario1_1940,B54,1940,4,3,
1644421110,1944,1945,job860_scenario3_1944,B11,1944,4,3,
1644421110,1944,1945,job857_scenario2_1935,B14,1935,5,2,
1644421110,1948,1949,job861_scenario1_1946,B54,1946,5,2,
1644421110,1956,1957,job862_scenario0_1956,B54,1956,11,5,
1644421110,1958,1959,job863_scenario1_1958,B14,1958,4,4,
1644421110,1959,1960,job864_scenario4_1959,B11,1959,6,3,
1644421110,1960,1961,job865_scenario0_1960,in27,1960,27,2,
1644421110,1964,1965,job866_scenario2_1961,B14,1961,3,2,
1644421110,1966,1967,job867_scenario3_1966,B11,1966,4,2,
1644421110,1973,1974,job868_scenario1_1973,B54,1973,3,4,
1644421110,1978,1979,job869_scenario1_1978,B14,1978,8,4,
1644421110,1979,1980,job870_scenario2_1979,B54,1979,5,3,
1644421110,1981,1982,job871_scenario0_1981,B11,1981,22,2,
1644421111,1985,1986,job872_scenario1_1982,B54,1982,6,2,
1644421111,1985,1986,job875_scenario1_1985,cn12,1985,18,1,
1644421111,1987,1988,job874_scenario1_1984,B14,1984,6,1,
1644421111,1989,1990,job876_scenario0_1987,in27,1987,27,1,
1644421111,1993,1994,job877_scenario1_1989,B54,1989,8,1,
1644421111,1995,1996,job878_scenario0_1991,B14,1991,16,1,
1644421111,2003,2004,job879_scenario1_1996,B54,1996,7,1,
1644421111,2004,2005,job881_scenario3_2000,B11,2000,5,2,
1644421111,2004,2005,job880_scenario3_1998,cn12,1998,10,1,
1644421111,2011,2012,job885_scenario0_2011,B54,2011,16,2,
1644421111,2011,2012,job883_scenario1_2004,B11,2004,12,1,
1644421111,2012,2013,job882_scenario2_2001,B14,2001,4,1,
1644421111,2016,2017,job873_scenario0_1983,cn12,1983,56,1,
1644421111,2018,2019,job886_scenario2_2012,B14,2012,4,2,
1644421111,2018,2019,job884_scenario3_2005,in27,2005,5,1,
1644421111,2023,2024,job890_scenario2_2023,B14,2023,5,1,
1644421111,2025,2026,job887_scenario1_2018,B11,2018,12,2,
1644421111,2025,2026,job889_scenario0_2020,in27,2020,25,1,
1644421112,2029,2030,job892_scenario1_2029,B54,2029,6,2,
1644421112,2029,2030,job888_scenario1_2019,B14,2019,11,1,
1644421112,2037,2038,job891_scenario0_2025,B54,2025,16,1,
1644421112,2039,2040,job893_scenario0_2031,B11,2031,26,1,
1644421112,2042,2043,job894_scenario1_2035,B14,2035,9,1,
1644421112,2052,2053,job896_scenario1_2044,B14,2044,9,2,
1644421112,2052,2053,job897_scenario1_2047,in27,2047,14,1,
1644421112,2055,2056,job895_scenario0_2040,B54,2040,15,1,
1644421112,2062,2063,job900_scenario2_2060,B14,2060,5,1,
1644421112,2067,2068,job901_scenario1_2062,B11,2062,10,2,
1644421112,2067,2068,job898_scenario1_2058,in27,2058,14,1,
1644421112,2069,2070,job899_scenario2_2059,B14,2059,3,1,
1644421112,2072,2073,job902_scenario0_2065,B54,2065,15,1,
1644421112,2074,2075,job903_scenario0_2067,B14,2067,21,2,
1644421112,2077,2078,job906_scenario1_2076,cn12,2076,18,1,
1644421113,2079,2080,job908_scenario4_2079,B11,2079,2,1,
1644421113,2083,2084,job904_scenario0_2070,in27,2070,25,2,
1644421113,2083,2084,job907_scenario1_2077,B11,2077,7,1,
1644421113,2089,2090,job905_scenario1_2075,B54,2075,7,1,
1644421113,2094,2095,job910_scenario1_2085,B11,2085,10,1,
1644421113,2097,2098,job912_scenario4_2095,B54,2095,4,3,
1644421113,2097,2098,job909_scenario2_2084,cn12,2084,17,2,
1644421113,2097,2098,job911_scenario2_2094,B14,2094,6,1,
1644421113,2102,2103,job913_scenario2_2101,B54,2101,4,1,
1644421113,2104,2105,job914_scenario2_2102,B14,2102,4,1,
1644421113,2106,2107,job917_scenario1_2106,B11,2106,8,1,
1644421113,2108,2109,job915_scenario1_2103,B54,2103,3,1,
1644421113,2110,2111,job916_scenario2_2104,B14,2104,6,2,
1644421113,2115,2116,job918_scenario1_2115,B54,2115,9,4,
1644421113,2118,2119,job919_scenario1_2116,B14,2116,10,4,
1644421113,2119,2120,job920_scenario3_2118,B11,2118,10,3,
1644421113,2120,2121,job921_scenario0_2119,in27,2119,26,2,
1644421113,2126,2127,job922_scenario1_2120,B54,2120,4,2,
1644421114,2130,2131,job924_scenario1_2124,B11,2124,12,3,
1644421114,2130,2131,job923_scenario2_2121,B14,2121,7,2,
1644421114,2132,2133,job926_scenario4_2132,B54,2132,7,2,
1644421114,2136,2137,job928_scenario2_2136,cn12,2136,14,1,
1644421114,2139,2140,job927_scenario2_2133,B14,2133,8,1,
1644421114,2144,2145,job929_scenario3_2144,B11,2144,3,2,
1644421114,2148,2149,job925_scenario2_2130,B14,2130,4,4,
1644421114,2158,2159,job930_scenario0_2158,B54,2158,16,5,
1644421114,2162,2163,job931_scenario0_2162,B14,2162,14,4,
1644421114,2166,2167,job932_scenario0_2166,B11,2166,23,3,
1644421114,2177,2178,job933_scenario1_2177,B54,2177,8,4,
1644421114,2183,2184,job934_scenario4_2183,B14,2183,4,3,
1644421114,2190,2191,job935_scenario4_2190,B54,2190,2,5,
1644421114,2192,2193,job936_scenario3_2192,B11,2192,4,4,
1644421115,2196,2197,job937_scenario2_2196,B54,2196,6,4,
1644421115,2199,2200,job939_scenario0_2199,B14,2199,18,4,
1644421115,2202,2203,job940_scenario1_2202,B11,2202,10,3,
1644421115,2204,2205,job938_scenario1_2197,B54,2197,7,3,
1644421115,2219,2220,job941_scenario0_2217,B14,2217,14,5,
1644421115,2222,2223,job942_scenario3_2222,B11,2222,4,4,
1644421115,2233,2234,job943_scenario1_2233,B54,2233,1,4,
1644421115,2238,2239,job944_scenario2_2238,B54,2238,4,5,
1644421115,2251,2252,job945_scenario0_2251,B54,2251,9,5,
1644421115,2258,2259,job946_scenario1_2258,B14,2258,7,4,
1644421116,2263,2264,job947_scenario2_2263,B54,2263,3,4,
1644421116,2268,2269,job948_scenario4_2268,B14,2268,8,5,
1644421116,2278,2279,job949_scenario1_2269,B14,2269,10,5,
1644421116,2292,2293,job950_scenario0_2292,B54,2292,13,5,
1644421116,2309,2310,job951_scenario0_2309,B54,2309,12,5,
1644421116,2310,2311,job952_scenario0_2310,B14,2310,21,4,
1644421116,2323,2324,job953_scenario3_2323,B11,2323,3,4,
1644421116,2326,2327,job954_scenario0_2326,B54,2326,15,3,
1644421116,2327,2328,job955_scenario3_2327,B11,2327,5,3,
1644421117,2333,2334,job956_scenario0_2330,B14,2330,19,4,
1644421117,2343,2344,job957_scenario2_2338,B54,2338,3,4,
1644421117,2344,2345,job958_scenario0_2344,B11,2344,20,3,
1644421117,2345,2346,job959_scenario3_2345,in27,2345,3,2,
1644421117,2347,2348,job960_scenario2_2346,B54,2346,7,2,
1644421117,2354,2355,job961_scenario3_2347,B14,2347,4,3,
1644421117,2356,2357,job962_scenario0_2352,B54,2352,11,3,
1644421117,2361,2362,job963_scenario0_2361,B14,2361,22,3,
1644421117,2364,2365,job964_scenario1_2364,in27,2364,12,2,
1644421117,2380,2381,job965_scenario0_2380,B54,2380,12,4,
1644421117,2384,2385,job966_scenario2_2384,B14,2384,4,4,
1644421117,2389,2390,job967_scenario1_2389,B14,2389,5,4,
1644421117,2390,2391,job968_scenario1_2390,B11,2390,10,3,
1644421117,2391,2392,job969_scenario0_2391,in27,2391,25,2,
1644421118,2396,2397,job970_scenario4_2396,B54,2396,1,3,
1644421118,2399,2400,job971_scenario0_2399,B54,2399,10,3,
1644421118,2403,2404,job972_scenario2_2403,B14,2403,4,3,
1644421118,2409,2410,job973_scenario4_2409,B11,2409,5,3,
1644421118,2414,2415,job974_scenario1_2414,B54,2414,4,3,
1644421118,2422,2423,job975_scenario3_2422,B11,2422,2,5,
1644421118,2427,2428,job976_scenario0_2427,B54,2427,9,5,
1644421118,2428,2429,job977_scenario2_2428,B14,2428,7,4,
1644421118,2444,2445,job978_scenario1_2444,B54,2444,4,5,
1644421118,2446,2447,job979_scenario4_2446,B11,2446,6,4,
1644421118,2449,2450,job980_scenario1_2449,B54,2449,4,4,
1644421118,2454,2455,job981_scenario0_2454,B54,2454,13,5,
1644421118,2456,2457,job982_scenario2_2456,B14,2456,2,4,
1644421118,2457,2458,job983_scenario0_2457,B11,2457,26,3,
1644421119,2461,2462,job984_scenario1_2461,B14,2461,9,3,
1644421119,2462,2463,job985_scenario3_2462,in27,2462,10,2,
1644421119,2463,2464,job986_scenario4_2463,cn12,2463,8,1,
1644421119,2471,2472,job987_scenario0_2471,B54,2471,9,2,
1644421119,2472,2473,job988_scenario0_2472,B14,2472,15,2,
1644421119,2474,2475,job989_scenario0_2474,in27,2474,27,2,
1644421119,2475,2476,job990_scenario1_2475,cn12,2475,19,1,
1644421119,2487,2488,job991_scenario1_2487,B54,2487,5,2,
1644421119,2492,2493,job992_scenario0_2492,B14,2492,20,2,
1644421119,2497,2498,job993_scenario1_2497,B54,2497,5,3,
1644421119,2499,2500,job994_scenario4_2499,B11,2499,3,2,
1644421119,2503,2504,job995_scenario0_2500,B54,2500,13,4,
1644421119,2504,2505,job996_scenario2_2504,B11,2504,12,3,
1644421120,2515,2516,job997_scenario1_2515,B14,2515,7,3,
1644421120,2518,2519,job998_scenario0_2518,B54,2518,12,4,
1644421120,2520,2521,job999_scenario2_2519,in27,2519,15,3,
1644421120,2521,2522,job1000_scenario2_2520,B11,2520,9,2,
1644421120,2524,2525,job1001_scenario2_2521,B14,2521,2,2,
1644421120,2534,2535,job1002_scenario2_2534,B14,2534,3,4,
1644421120,2536,2537,job1003_scenario0_2536,B54,2536,14,4,
1644421120,2552,2553,job1004_scenario4_2550,B54,2550,2,5,
1644421121,2568,2569,job1005_scenario1_2568,B54,2568,6,5,
1644421121,2569,2570,job1006_scenario2_2569,B14,2569,3,4,
1644421121,2574,2575,job1007_scenario1_2574,B14,2574,9,4,
1644421121,2585,2586,job1008_scenario2_2582,B14,2582,4,5,
1644421121,2591,2592,job1009_scenario1_2591,B14,2591,7,5,
1644421121,2595,2596,job1010_scenario4_2595,B54,2595,5,4,
1644421121,2599,2600,job1011_scenario2_2597,B14,2597,3,4,
1644421121,2602,2603,job1012_scenario0_2599,B54,2599,14,4,
1644421121,2604,2605,job1013_scenario1_2604,B11,2604,11,4,
1644421121,2608,2609,job1014_scenario0_2608,B14,2608,19,3,
1644421121,2617,2618,job1015_scenario3_2614,B11,2614,5,4,
1644421121,2629,2630,job1016_scenario2_2625,B14,2625,4,5,
1644421121,2630,2631,job1017_scenario4_2630,B11,2630,1,4,
1644421122,2633,2634,job1018_scenario4_2633,B54,2633,4,4,
1644421122,2637,2638,job1019_scenario4_2637,B14,2637,3,4,
1644421122,2646,2647,job1020_scenario0_2646,B54,2646,13,5,
1644421122,2648,2649,job1021_scenario3_2648,B11,2648,4,4,
1644421122,2649,2650,job1022_scenario2_2649,B14,2649,4,3,
1644421122,2661,2662,job1023_scenario1_2658,B54,2658,5,5,
1644421122,2678,2679,job1024_scenario3_2678,B11,2678,3,5,
1644421122,2679,2680,job1025_scenario0_2679,B54,2679,14,4,
1644421122,2680,2681,job1026_scenario0_2680,B14,2680,21,3,
1644421122,2682,2683,job1027_scenario3_2682,B11,2682,3,3,
1644421122,2692,2693,job1028_scenario0_2690,in27,2690,28,3,
1644421122,2695,2696,job1029_scenario1_2692,B54,2692,4,3,
1644421123,2701,2702,job1031_scenario1_2699,B54,2699,7,3,
1644421123,2703,2704,job1030_scenario2_2697,B14,2697,4,3,
1644421123,2725,2726,job1032_scenario1_2725,B54,2725,10,5,
1644421123,2737,2738,job1033_scenario3_2737,B11,2737,6,5,
1644421123,2739,2740,job1034_scenario2_2739,B54,2739,4,4,
1644421123,2751,2752,job1035_scenario0_2751,B54,2751,9,5,
1644421123,2759,2760,job1036_scenario2_2759,B14,2759,2,4,
1644421123,2760,2761,job1037_scenario0_2760,B11,2760,20,3,
1644421123,2764,2765,job1038_scenario0_2764,B54,2764,13,4,
1644421123,2766,2767,job1039_scenario2_2766,B14,2766,4,3,
1644421124,2776,2777,job1041_scenario0_2776,B14,2776,13,3,
1644421124,2778,2779,job1042_scenario4_2778,B54,2778,2,3,
1644421124,2778,2779,job1040_scenario0_2774,in27,2774,29,2,
1644421124,2782,2783,job1043_scenario1_2780,B11,2780,9,3,
1644421124,2782,2783,job1044_scenario1_2782,B54,2782,6,2,
1644421124,2787,2788,job1045_scenario3_2786,cn12,2786,11,1,
1644421124,2789,2790,job1046_scenario0_2787,B54,2787,19,1,
1644421124,2791,2792,job1047_scenario4_2789,B14,2789,9,1,
1644421124,2801,2802,job1048_scenario4_2801,B14,2801,1,3,
1644421124,2828,2829,job1049_scenario0_2828,B54,2828,15,5,
1644421125,2834,2835,job1050_scenario4_2834,B11,2834,5,4,
1644421125,2839,2840,job1051_scenario0_2839,B14,2839,20,3,
1644421125,2847,2848,job1052_scenario1_2847,B54,2847,3,4,
1644421125,2851,2852,job1053_scenario1_2851,B54,2851,7,4,
1644421125,2854,2855,job1054_scenario3_2854,in27,2854,6,3,
1644421125,2860,2861,job1055_scenario0_2856,B54,2856,12,4,
1644421125,2862,2863,job1056_scenario1_2862,B14,2862,3,4,
1644421125,2864,2865,job1057_scenario1_2864,B11,2864,9,3,
1644421125,2865,2866,job1058_scenario0_2865,in27,2865,26,2,
1644421125,2867,2868,job1059_scenario3_2867,B14,2867,5,2,
1644421125,2874,2875,job1060_scenario0_2871,B54,2871,13,4,
1644421125,2878,2879,job1061_scenario4_2878,B11,2878,3,3,
1644421125,2882,2883,job1062_scenario0_2882,B14,2882,19,3,
1644421126,2885,2886,job1064_scenario1_2885,B11,2885,7,2,
1644421126,2887,2888,job1065_scenario0_2887,cn12,2887,50,1,
1644421126,2889,2890,job1063_scenario4_2884,B54,2884,2,1,
1644421126,2892,2893,job1066_scenario0_2892,B54,2892,11,2,
1644421126,2904,2905,job1067_scenario2_2904,B54,2904,4,4,
1644421126,2910,2911,job1068_scenario4_2908,B54,2908,5,4,
1644421126,2912,2913,job1069_scenario1_2912,B14,2912,8,3,
1644421126,2918,2919,job1070_scenario2_2918,B54,2918,8,3,
1644421126,2930,2931,job1071_scenario2_2930,B54,2930,3,4,
1644421126,2932,2933,job1072_scenario4_2932,B11,2932,5,3,
1644421126,2935,2936,job1073_scenario0_2933,B54,2933,16,3,
1644421126,2936,2937,job1074_scenario0_2936,B14,2936,18,2,
1644421127,2950,2951,job1075_scenario4_2947,B11,2947,4,3,
1644421127,2953,2954,job1076_scenario2_2950,B54,2950,8,3,
1644421127,2963,2964,job1077_scenario4_2960,B54,2960,2,5,
1644421127,2971,2972,job1078_scenario1_2971,B54,2971,3,5,
1644421127,2972,2973,job1079_scenario2_2972,B14,2972,2,4,
1644421127,2973,2974,job1080_scenario4_2973,B11,2973,7,3,
1644421127,2979,2980,job1081_scenario0_2979,B54,2979,13,4,
1644421127,2980,2981,job1082_scenario2_2980,B14,2980,5,3,
1644421127,2987,2988,job1083_scenario0_2984,B14,2984,17,4,
1644421127,2995,2996,job1084_scenario1_2995,B54,2995,5,4,
1644421127,3002,3003,job1085_scenario0_3000,B54,3000,19,4,
1644421128,3008,3009,job1086_scenario1_3008,B14,3008,10,4,
1644421128,3012,3013,job1088_scenario0_3012,B11,3012,22,3,
1644421128,3017,3018,job1089_scenario1_3013,in27,3013,13,2,
1644421128,3020,3021,job1087_scenario2_3009,B14,3009,7,2,
1644421128,3023,3024,job1090_scenario1_3017,B54,3017,6,2,
1644421128,3029,3030,job1093_scenario2_3029,B14,3029,2,2,
1644421128,3031,3032,job1092_scenario1_3026,B54,3026,5,3,
1644421128,3031,3032,job1091_scenario0_3023,in27,3023,27,2,
1644421128,3034,3035,job1094_scenario4_3034,B14,3034,8,2,
1644421128,3036,3037,job1095_scenario4_3036,B11,3036,5,2,
1644421128,3037,3038,job1096_scenario2_3037,B54,3037,4,2,
1644421128,3045,3046,job1097_scenario0_3045,B54,3045,13,4,
1644421128,3048,3049,job1098_scenario1_3048,B14,3048,3,3,
1644421128,3056,3057,job1099_scenario0_3056,B14,3056,17,3,
1644421129,3078,3079,job1100_scenario2_3078,B54,3078,5,5,
1644421129,3085,3086,job1101_scenario4_3083,B54,3083,3,5,
1644421129,3085,3086,job1102_scenario4_3085,B11,3085,5,4,
1644421129,3089,3090,job1103_scenario1_3089,B54,3089,6,4,
1644421129,3097,3098,job1104_scenario2_3092,B54,3092,8,5,
1644421129,3112,3113,job1105_scenario2_3112,B14,3112,2,5,
1644421129,3113,3114,job1106_scenario0_3113,B54,3113,12,4,
1644421129,3116,3117,job1107_scenario0_3114,B14,3114,17,4,
1644421129,3123,3124,job1108_scenario1_3123,in27,3123,13,3,
1644421130,3131,3132,job1109_scenario2_3131,B54,3131,6,3,
1644421130,3138,3139,job1110_scenario0_3134,B54,3134,10,5,
1644421130,3140,3141,job1111_scenario0_3140,B14,3140,18,4,
1644421130,3164,3165,job1112_scenario2_3164,B54,3164,3,5,
1644421130,3169,3170,job1113_scenario1_3169,B54,3169,8,5,
1644421130,3176,3177,job1115_scenario0_3176,B14,3176,19,4,
1644421130,3179,3180,job1114_scenario0_3173,B54,3173,15,4,
1644421130,3196,3197,job1117_scenario4_3196,B11,3196,7,5,
1644421131,3196,3197,job1116_scenario2_3191,B14,3191,5,4,
1644421131,3225,3226,job1118_scenario2_3225,B14,3225,11,5,
1644421131,3232,3233,job1119_scenario2_3232,B54,3232,7,4,
1644421131,3241,3242,job1120_scenario0_3241,B54,3241,15,5,
1644421131,3258,3259,job1121_scenario4_3254,B54,3254,3,5,
1644421131,3258,3259,job1122_scenario3_3258,B14,3258,5,4,
1644421131,3263,3264,job1123_scenario0_3263,B54,3263,14,4,
1644421131,3266,3267,job1124_scenario2_3266,B14,3266,7,4,
1644421131,3271,3272,job1125_scenario4_3271,B11,3271,5,3,
1644421132,3278,3279,job1126_scenario4_3278,B54,3278,2,5,
1644421132,3281,3282,job1127_scenario1_3281,B54,3281,4,5,
1644421132,3284,3285,job1128_scenario1_3284,B14,3284,11,4,
1644421132,3285,3286,job1129_scenario0_3285,B11,3285,21,3,
1644421132,3288,3289,job1130_scenario1_3288,B54,3288,6,3,
1644421132,3296,3297,job1132_scenario2_3293,B14,3293,2,4,
1644421132,3296,3297,job1133_scenario4_3296,in27,3296,7,3,
1644421132,3296,3297,job1131_scenario4_3290,B54,3290,2,2,
1644421132,3304,3305,job1134_scenario1_3304,B54,3304,6,4,
1644421132,3312,3313,job1135_scenario1_3306,B54,3306,5,5,
1644421132,3312,3313,job1136_scenario2_3312,B14,3312,8,4,
1644421132,3313,3314,job1137_scenario3_3313,B11,3313,2,3,
1644421132,3319,3320,job1138_scenario0_3319,B54,3319,14,4,
1644421132,3334,3335,job1139_scenario3_3334,B11,3334,5,5,
1644421133,3338,3339,job1140_scenario0_3338,B54,3338,15,4,
1644421133,3355,3356,job1141_scenario4_3353,B54,3353,6,5,
1644421133,3363,3364,job1142_scenario0_3363,B14,3363,15,5,
1644421133,3368,3369,job1143_scenario0_3368,B54,3368,13,4,
1644421133,3372,3373,job1144_scenario0_3372,in27,3372,23,3,
1644421133,3383,3384,job1145_scenario0_3375,B54,3375,12,4,
1644421133,3389,3390,job1146_scenario0_3389,B14,3389,16,3,
1644421134,3406,3407,job1147_scenario2_3406,B54,3406,3,5,
1644421134,3411,3412,job1148_scenario1_3409,B54,3409,7,5,
1644421134,3413,3414,job1149_scenario4_3413,B11,3413,2,4,
1644421134,3418,3419,job1150_scenario3_3418,in27,3418,7,4,
1644421134,3421,3422,job1151_scenario4_3421,B14,3421,5,4,
1644421134,3441,3442,job1152_scenario3_3441,B11,3441,4,5,
1644421134,3445,3446,job1153_scenario1_3445,B54,3445,7,4,
1644421134,3453,3454,job1154_scenario1_3452,B14,3452,9,5,
1644421134,3453,3454,job1155_scenario2_3453,B54,3453,4,4,
1644421134,3462,3463,job1156_scenario0_3462,B54,3462,13,4,
1644421135,3466,3467,job1157_scenario1_3466,B14,3466,11,4,
1644421135,3472,3473,job1158_scenario4_3472,B11,3472,4,3,
1644421135,3477,3478,job1159_scenario0_3473,B54,3473,15,4,
1644421135,3482,3483,job1160_scenario3_3482,B14,3482,4,4,
1644421135,3484,3485,job1161_scenario1_3484,B11,3484,10,3,
1644421135,3486,3487,job1162_scenario4_3486,in27,3486,7,2,
1644421135,3492,3493,job1163_scenario4_3492,B14,3492,4,2,
1644421135,3506,3507,job1164_scenario0_3506,B54,3506,13,5,
1644421135,3510,3511,job1165_scenario0_3510,B14,3510,16,4,
1644421135,3522,3523,job1166_scenario1_3522,B54,3522,4,4,
1644421135,3527,3528,job1167_scenario3_3527,B11,3527,4,5,
1644421135,3541,3542,job1168_scenario4_3541,B11,3541,5,5,
1644421136,3547,3548,job1169_scenario4_3547,B54,3547,6,5,
1644421136,3555,3556,job1170_scenario0_3552,B54,3552,13,5,
1644421136,3556,3557,job1171_scenario2_3556,B14,3556,4,4,
1644421136,3559,3560,job1172_scenario1_3559,in27,3559,15,3,
1644421136,3564,3565,job1173_scenario0_3564,B14,3564,17,3,
1644421136,3567,3568,job1174_scenario0_3567,B11,3567,25,2,
1644421136,3570,3571,job1175_scenario2_3568,B54,3568,5,2,
1644421136,3576,3577,job1176_scenario2_3576,B54,3576,5,3,
1644421136,3579,3580,job1177_scenario3_3579,in27,3579,10,2,
1644421136,3586,3587,job1178_scenario2_3586,B14,3586,1,3,
1644421136,3589,3590,job1179_scenario0_3589,B54,3589,16,3,
1644421136,3592,3593,job1180_scenario1_3592,B14,3592,7,3,
1644421136,3593,3594,job1181_scenario0_3593,B11,3593,21,3,
