,job167_scenario0_300,job168_scenario1_301,job169_scenario4_302,
in27,0.10717832082214618,0.22718744122388568,0.32407739527203355,
B14,0.16543396737025406,0.3036848453146773,0.3036848453146773,
B11,0.14123606504807795,0.2689414108346241,0.347196561625625,
cn12,0.0,0.18367572491293804,0.24001824080347883,
B54,0.20406827487029416,0.32407739527203355,0.40545220817373295,
B51,0.25387656009248577,0.06366660451119865,0.2854430877719935,
os4,0.19357193622400393,0.2689414108346241,0.32407739527203355,
in4,0.16543396737025406,0.22718744122388568,0.40545220817373295,
B33,0.24001824080347883,0.24001824080347883,0.22718744122388568,
