tickNumber,in27,B14,B11,cn12,B54,
0,|0_0_0_0_,,,,,
1,,,,,,
2,,,,,,
3,,,,,|3_3_4_1_,
4,,,,,,
5,,,,,,
6,,,,,,
7,,|7_7_1_2_,,,,
8,,,,,|8_8_4_3_,
9,,,,,,
10,,,,,,
11,|11_11_0_4_,,,,,
12,,,,,,
13,|13_13_0_5_,,,,,
14,,,,,,
15,,,,,,
16,,,,|16_16_3_6_,,
17,,|17_17_1_7_,,,,
18,,,,,,
19,,,,,|19_19_4_8_,
20,,,|20_20_2_9_,,,
21,,,,,|21_21_4_10_,
22,,,,,,
23,,,,,|23_23_4_11_,
24,,,,,,
25,,,,,,
26,,,,,,
27,,,,,,
28,,,,,,
29,,,|29_29_2_12_,,,
30,,,|30_30_2_13_,,,
31,,,|31_31_2_14_,,,
32,,,,,,
33,,,,,,
34,,,,,,
35,,,|35_35_2_15_,,,
36,,,,,|36_36_4_16_,
37,,,,,,
38,,,,,,
39,,,,,,
40,,,,,,
41,,,,,,
42,,,,,,
43,,,,,|42_43_4_17_,
44,,,,,,
45,,,,,,
46,,,|46_46_2_19_,,,
47,,,,,,
48,,,,,,
49,,,|49_49_2_22_,,,
50,,,,,|48_50_4_21_,
51,,|51_51_1_24_,,,|50_51_4_23_,
52,,|52_52_1_25_,,,,
53,,,,,,
54,,,,,,
55,,,,,|54_55_4_27_,
56,,|56_56_1_28_,,,,
57,,,,,,
58,,,,,,
59,,,,,,
60,,,,,,
61,,,,,,
62,,,,,,
63,,,,,,
64,,,|59_64_2_29_,,,
65,,,,,,
66,,,,,,
67,,,,,,
68,,,,,,
69,,,,,,
70,,,,,,
71,,,,,,
72,,,|66_72_2_32_,,,
73,,,,,,
74,,,,,|74_74_4_37_,
75,,,,,|70_75_4_34_,
76,,|47_76_1_20_,|73_76_2_36_,,,
77,,,,,|72_77_4_35_,
78,,,,,|77_78_4_38_,
79,,,,|79_79_3_40_,,
80,,,|68_80_2_33_,,,
81,,,,,,
82,,,,,,
83,,|64_83_1_31_,|78_83_2_39_,,,
84,,,,,|84_84_4_42_,
85,,,,,,
86,,,,,,
87,,|87_87_1_44_,,,,
88,,|88_88_1_45_,,,,
89,,|44_89_1_18_,,,,
90,,,,,,
91,,|53_91_1_26_,,,|85_91_4_43_,
92,,,,,,
93,,,,,,
94,,,,,,
95,,,,,,
96,,,,,,
97,,,,,,
98,,,,,,
99,,,,,,
100,|100_100_0_50_,,,,,
101,,,,,,
102,,,,,,
103,,,,,,
104,,,,,|101_104_4_51_,
105,,,,,|98_105_4_48_,
106,,,|63_106_2_30_,,,
107,,|102_107_1_52_,,,,
108,,|108_108_1_55_,,,,
109,,,|105_109_2_53_,,|109_109_4_56_,
110,,,,,,
111,,,,,,
112,,,|112_112_2_58_,,,
113,,,,,,
114,,|113_114_1_59_,,,,
115,,,,,,
116,,|106_116_1_54_,,,,
117,,,|83_117_2_41_,,,
118,,,,,,
119,|91_119_0_47_,|119_119_1_63_,,,,
120,|120_120_0_64_,,,,,
121,,,|114_121_2_60_,,,
122,,,,,,
123,,,,,,
124,,,,,,
125,,,,,,
126,,,,|125_126_3_68_,,
127,,,,,,
128,,,,,,
129,,,|90_129_2_46_,,|129_129_4_71_,
130,,,,,,
131,,|131_131_1_72_,,,,
132,,,,,,
133,,|128_133_1_70_,,,,
134,,,,|134_134_3_73_,,
135,,|124_135_1_67_,,,,
136,,|127_136_1_69_,,,,
137,,,,,,
138,,,,,,
139,,|137_139_1_74_,,,,
140,,,,,,
141,,,,,,
142,,,,,,
143,,,,,,
144,|122_144_0_65_,,,,|144_144_4_78_,
145,|99_145_0_49_,|141_145_1_76_,,,,
146,,,,,,
147,,,,,,
148,,,,,,
149,,,,,,
150,,,|123_150_2_66_,,|140_150_4_75_,
151,,,|148_151_2_79_,,,
152,,,,,|142_152_4_77_,
153,,,,,|153_153_4_80_,
154,,,,,,
155,,,,,,
156,,,,,,
157,,,,,|157_157_4_81_,
158,,,,,,
159,,,|110_159_2_57_,,,
160,,,,,,
161,,,,,,
162,,,,,,
163,,,,,,
164,,,,,,
165,,,,,,
166,,,,,,
167,,,,,,
168,,,,,,
169,,,,,,
170,,|115_170_1_61_,,,,
171,|171_171_0_86_,,,,,
172,,|172_172_1_87_,,,,
173,,|118_173_1_62_,,,|158_173_4_82_,
174,,,,,,
175,,,,,,
176,,,,,|175_176_4_88_,
177,,,,,|177_177_4_89_,
178,,,,,|165_178_4_84_,
179,,|159_179_1_83_,,,,
180,,,,,,
181,,|166_181_1_85_,,,,
182,,|182_182_1_91_,,,,
183,,,,,,
184,,,,,|184_184_4_92_,
185,,,,,,
186,,,,,|185_186_4_93_,
187,,,,,,
188,,|188_188_1_95_,,,,
189,,,,,,
190,,,,,|178_190_4_90_,
191,,,,,,
192,,,,,,
193,,,,,,
194,,,,,,
195,,,,,,
196,,,,,,
197,|197_197_0_101_,,|186_197_2_94_,,,
198,,,,,,
199,,,,,,
200,,,,,,
201,,,,,,
202,,,,,,
203,,,,,,
204,,,,,,
205,,,,,,
206,|200_206_0_103_,,,,,
207,,,,,,
208,,,,,|196_208_4_100_,
209,,,,,,
210,,,,,,
211,,,,,|204_211_4_105_,
212,|189_212_0_96_,,,,,
213,,,,,|203_213_4_104_,
214,,,,,,
215,|195_215_0_99_,,,,,
216,,,,,,
217,,,,,,
218,,,,,,
219,,,,,,
220,,,,,,
221,,,,,,
222,,,,,,
223,,,,,,
224,,,,,|221_224_4_114_,
225,,,,,,
226,,,,,,
227,,|227_227_1_118_,,,,
228,,|222_228_1_115_,,,,
229,,,|207_229_2_106_,|226_229_3_117_,,
230,,,,,,
231,,|192_231_1_98_,,,,
232,,|223_232_1_116_,,,,
233,,,,,,
234,,,,,,
235,,,,,,
236,,,,,|236_236_4_123_,
237,,,,,,
238,,,,,,
239,,,,,,
240,,|234_240_1_122_|240_240_1_125_,,,,
241,|211_241_0_109_,|208_241_1_107_|216_241_1_111_,,,,
242,,|239_242_1_124_,,,|229_242_4_120_,
243,,|213_243_1_110_,,,,
244,,,,,|209_244_4_108_,
245,,|233_245_1_121_,|191_245_2_97_,,,
246,,,,,,
247,,,,,,
248,,,,,,
249,,|249_249_1_132_,,,|228_249_4_119_,
250,,,,,,
251,,,,,,
252,|251_252_0_133_,,,,,
253,,,,,,
254,|254_254_0_135_,,,,,
255,,,,,,
256,,,,,,
257,,,|198_257_2_102_,,,
258,|241_258_0_126_,,,,,
259,,,,,,
260,,,,,,
261,,|261_261_1_141_,,,,
262,,,,,,
263,,,,,,
264,,,,,,
265,,,,,,
266,,,,,|255_266_4_136_,
267,,,,,,
268,,,,,,
269,,,,,|253_269_4_134_,
270,,|256_270_1_137_,|217_270_2_112_,,,
271,,,,,,
272,,,,,,
273,,,,,,
274,|265_274_0_143_,|260_274_1_140_,,,,
275,,,,,,
276,,,,,,
277,,,,,,
278,,,,,|219_278_4_113_,
279,,,,,,
280,,,,,|274_280_4_148_,
281,,,,,,
282,,,,,,
283,,,,|278_283_3_152_,,
284,,,,,,
285,,,,|244_285_3_129_,,
286,,,,,,
287,,,,|243_287_3_128_,,
288,,,,,,
289,,|276_289_1_150_,,,|288_289_4_159_,
290,,|257_290_1_138_,,,|242_290_4_127_,
291,,,,,,
292,,,,,,
293,,,|275_293_2_149_,,,
294,|246_294_0_130_,,,,,
295,|291_295_0_161_,,,,,
296,,,,,,
297,,,,,,
298,,,,,,
299,|262_299_0_142_,,,,|298_299_4_165_,
300,,,,,,
301,,,,,,
302,,,|302_302_2_169_,,,
303,,,,,,
304,,,,,|280_304_4_154_,
305,,,|258_305_2_139_,,,
306,,,,,,
307,,|247_307_1_131_,,,,
308,,,,,,
309,,|300_309_1_167_,|267_309_2_144_,,,
310,,|286_310_1_158_,,,,
311,,|290_311_1_160_,,,,
312,,,,,,
313,,,,,,
314,,,,,,
315,,,,,,
316,,,|270_316_2_145_,,,
317,,,,,,
318,,,,,,
319,,,,,,
320,,|319_320_1_179_,,,,
321,,,,,,
322,,,,,,
323,,|323_323_1_182_,,,,
324,,|322_324_1_181_,,,,
325,,|315_325_1_176_,,,,
326,,,,,,
327,,,,,|306_327_4_170_,
328,,,,,,
329,,,,,,
330,,|328_330_1_184_,,,|282_330_4_155_,
331,|273_331_0_147_,,|271_331_2_146_,,|277_331_4_151_,
332,,,,,,
333,,,,,,
334,,,,,,
335,,|316_335_1_177_,,,,
336,,,|296_336_2_164_,,,
337,,,,,,
338,,|310_338_1_172_,,,,
339,,|338_339_1_189_,,,|279_339_4_153_,
340,,,,,,
341,,,|292_341_2_162_,,,
342,|285_342_0_157_,,,,,
343,,,,,,
344,,,,,|284_344_4_156_,
345,,,|345_345_2_193_,,,
346,|299_346_0_166_,,,,,
347,,,,,,
348,,,,|333_348_3_186_,,
349,|314_349_0_175_,,,,,
350,,,,,,
351,,,,,|294_351_4_163_,
352,,,,,,
353,,,,,,
354,,,,,,
355,,,,,|335_355_4_188_,
356,,,,,,
357,,,,,,
358,,,,,|301_358_4_168_,
359,,,,,,
360,,,,,,
361,,,,,|311_361_4_173_,
362,,|346_362_1_194_,,,,
363,,,,,,
364,,,,,|324_364_4_183_|350_364_4_196_,
365,,,,,|351_365_4_197_,
366,,,,,,
367,,,,,,
368,,|308_368_1_171_,,,,
369,,,,,|318_369_4_178_,
370,,,,,|340_370_4_190_,
371,,,,,,
372,,,,,|364_372_4_204_,
373,,,|313_373_2_174_,,,
374,,,,,,
375,,,,,|329_375_4_185_,
376,,,,,,
377,,|342_377_1_191_,,,,
378,,,,,,
379,,,,,,
380,|320_380_0_180_,|334_380_1_187_,,,,
381,,,,,,
382,,,,,,
383,,,,,,
384,,,,,,
385,,,|365_385_2_205_,,,
386,|381_386_0_214_,,,,,
387,,,,,,
388,,,,,,
389,,,,,,
390,,,,,,
391,,,,,,
392,,,,,,
393,,,|343_393_2_192_,,,
394,,,,,,
395,,,,,,
396,,,,,,
397,,,|395_397_2_219_,,|353_397_4_198_,
398,,|387_398_1_217_,,,,
399,,,,,|376_399_4_211_,
400,,,,,,
401,,,,,,
402,,,,,,
403,,,,,,
404,,,,,|356_404_4_200_,
405,|348_405_0_195_,,,,,
406,,,,,|388_406_4_218_,
407,,,,|357_407_3_201_,,
408,,,,|373_408_3_208_,,
409,,|360_409_1_202_,,,,
410,,,,,,
411,,|355_411_1_199_,,,,
412,,,,,,
413,,,,,,
414,,,,,,
415,,,,,,
416,,,,,|363_416_4_203_,
417,,,|380_417_2_213_,,,
418,,,,,|374_418_4_209_,
419,,,|368_419_2_206_,,,
420,,,,,,
421,,,,,,
422,,|369_422_1_207_,,,,
423,,,,,,
424,,,,,|415_424_4_228_,
425,,,,,,
426,|409_426_0_225_,,,,,
427,,,,,,
428,,|382_428_1_215_,,,|425_428_4_235_,
429,,,,,,
430,|375_430_0_210_,,,,|378_430_4_212_,
431,,,,,,
432,,,,,,
433,,,,,,
434,,,,,,
435,,,,,,
436,,,,,,
437,,,,,,
438,,,,,,
439,,,,,,
440,,,,,|432_440_4_237_,
441,,|404_441_1_223_,,,,
442,,,,,,
443,,,,,|386_443_4_216_,
444,,,,,,
445,,,,,,
446,|398_446_0_220_,,,,,
447,,,,,,
448,,,,,,
449,,,|420_449_2_232_,,,
450,,,,,,
451,|412_451_0_226_,,|401_451_2_222_,,,
452,,,|418_452_2_231_,,,
453,,,|405_453_2_224_,,,
454,,,,,,
455,,,,,,
456,,,,,,
457,,,,,|417_457_4_230_,
458,,,,,|448_458_4_247_,
459,,,,,|400_459_4_221_,
460,,,,,,
461,,,,,,
462,,,,,,
463,,,|414_463_2_227_|434_463_2_239_,,|416_463_4_229_,
464,,,,,,
465,,,,,,
466,,,,,|466_466_4_257_,
467,|458_467_0_252_,,,,|441_467_4_244_,
468,,,,,|438_468_4_241_,
469,,,,,|430_469_4_236_,
470,,,,,,
471,,,,,,
472,,,,,|453_472_4_250_,
473,,|459_473_1_253_,,,,
474,,,,,,
475,,,,,,
476,,,,,,
477,,,,,,
478,|450_478_0_249_,,,,,
479,,,|421_479_2_233_,,|423_479_4_234_,
480,,,,,,
481,,,,,,
482,,|436_482_1_240_,,,,
483,,,,,,
484,,,|476_484_2_260_,,,
485,,,,,,
486,,,,,,
487,,,|433_487_2_238_,,|486_487_4_266_,
488,,,,,|461_488_4_254_,
489,,,,,,
490,,,,,,
491,,,,,,
492,,,,,,
493,,,,,,
494,,,,,,
495,,,,,,
496,,,,,,
497,,,|479_497_2_262_,,,
498,,|440_498_1_243_,|442_498_2_245_,,,
499,,,|439_499_2_242_,,,
500,,,,|462_500_3_255_,,
501,,,,,,
502,,,,,|498_502_4_273_,
503,,,,,|443_503_4_246_,
504,,,,,,
505,,,,,,
506,,,,,,
507,,,,,,
508,,,,,|449_508_4_248_,
509,,,,,,
510,,,,,|457_510_4_251_,
511,,,,,,
512,,,,,,
513,,,,,,
514,,,,,,
515,,,,,|464_515_4_256_,
516,,,,,,
517,,,,,,
518,,|503_518_1_274_,,,,
519,,,,,,
520,|507_520_0_277_,,|469_520_2_259_,,,
521,,,,,,
522,,,,,|510_522_4_278_,
523,,,,,,
524,,,,,,
525,,,,,,
526,|467_526_0_258_,,,,,
527,,,,,,
528,,,,,,
529,,,,,,
530,,,,,,
531,,,,,,
532,,|478_532_1_261_,,,,
533,,,,,,
534,,,,,,
535,,,,,,
536,,,,,,
537,,|484_537_1_265_,,,,
538,,,,,,
539,,,,,,
540,,,,,|481_540_4_263_,
541,,,,,|491_541_4_270_,
542,,,,,,
543,,,,,|483_543_4_264_,
544,,,,,,
545,,,,,|514_545_4_280_,
546,,,,,,
547,,|512_547_1_279_,,,|488_547_4_267_,
548,,,,,,
549,,|489_549_1_268_,,,|490_549_4_269_,
550,,,,,,
551,,,,,,
552,,|504_552_1_275_,,,,
553,,|494_553_1_271_,,,,
554,,,,,,
555,,,,,,
556,,|497_556_1_272_,,,,
557,,,,,,
558,,,,,,
559,,,,,,
560,,,,,,
561,,,,,,
562,,,,,,
563,,,,,,
564,,|505_564_1_276_,,,,
565,,|523_565_1_284_,,,,
566,,,,,,
567,,,,,,
568,,,,,,
569,,,,,,
570,,,,,|521_570_4_282_,
571,,,,,,
572,,,,,,
573,|557_573_0_300_,,,,,
574,,,,,,
575,,,,,,
576,,,,,,
577,,,|570_577_2_308_,,,
578,,,|519_578_2_281_,,|538_578_4_289_,
579,,,,,,
580,,,,,,
581,,,,,|536_581_4_288_,
582,,,,,|522_582_4_283_,
583,,,,,,
584,|525_584_0_285_|528_584_0_286_,,,,,
585,,,,,,
586,,,|556_586_2_299_,,,
587,,,|574_587_2_310_,,,
588,,,,,,
589,,,,,,
590,,,,,,
591,,,,,,
592,,,,,|532_592_4_287_,
593,,,,,,
594,,,,,,
595,|541_595_0_291_,,,,,
596,|552_596_0_296_,,,,,
597,|569_597_0_307_,,,,|551_597_4_295_,
598,,,,,|543_598_4_292_,
599,,,,,|540_599_4_290_,
600,,,,,,
601,,,,,|582_601_4_314_,
602,,,,,,
603,,,,,|544_603_4_293_,
604,,,,,,
605,,,,,,
606,,,|561_606_2_302_,,,
607,,,,,,
608,,|549_608_1_294_,,|571_608_3_309_,,
609,,,,,,
610,,,,,,
611,,,,,|553_611_4_297_,
612,,,|563_612_2_303_,,,
613,,,,,|554_613_4_298_,
614,,,,,,
615,,,,,,
616,,|559_616_1_301_,|583_616_2_315_,,,
617,,,,,,
618,,,,,,
619,|580_619_0_313_,,,,,
620,,,,,,
621,,,,,,
622,,|567_622_1_306_,,,,
623,,,,,,
624,,,,,,
625,|565_625_0_304_,,,,|566_625_4_305_,
626,,,,,,
627,,,,,|600_627_4_323_,
628,,,,,,
629,,,,,,
630,,,,,|575_630_4_311_,
631,,,,,,
632,,,,,,
633,|599_633_0_322_,,,,,
634,,|616_634_1_332_,,,,
635,,,|576_635_2_312_,,,
636,,,,,,
637,,,,,,
638,,,,,,
639,,,,,,
640,,,,,,
641,,,,,,
642,,,,,,
643,,,,,,
644,,,,,,
645,,,|605_645_2_326_,,,
646,,,,,,
647,,,,,,
648,,,|641_648_2_345_,,|589_648_4_316_|594_648_4_319_,
649,,,,,|590_649_4_317_,
650,,,,,|597_650_4_321_,
651,,|626_651_1_337_,,,,
652,,|592_652_1_318_,,|620_652_3_334_,,
653,,,,,,
654,,,,,,
655,,,,,,
656,|601_656_0_324_,,,,|596_656_4_320_,
657,,,,,,
658,,,,,,
659,,,,,,
660,,,,,,
661,,,,,,
662,,,,|602_662_3_325_,,
663,,,,,,
664,,,,,,
665,,,,,,
666,,,,,,
667,,|607_667_1_327_,,,,
668,,,,,|608_668_4_328_,
669,,,,|610_669_3_329_,,
670,,,,,,
671,|611_671_0_330_,,,,,
672,,,,,,
673,,,,,,
674,,,|615_674_2_331_,,,
675,,,,,,
676,,,,,,
677,,,,,,
678,,,,,,
679,|619_679_0_333_,,,,,
680,,,,,,
681,,,,,,
682,,|636_682_1_342_,,,,
683,,|625_683_1_336_,,,,
684,,|624_684_1_335_,,,,
685,,,,,,
686,,,,,,
687,,,,,,
688,,,,,|628_688_4_338_,
689,,,,,|629_689_4_339_,
690,,,,,,
691,|632_691_0_340_,,,,,
692,,,,,,
693,,,,,,
694,,|634_694_1_341_,,,,
695,,,,,,
696,,,,,,
697,,,,,,
698,,,,,,
699,,|639_699_1_343_|640_699_1_344_,,,,
700,,,,,,
701,,,|642_701_2_346_,,,
702,,,,,,
703,,,,,,
704,,,,,,
705,,,,,,
706,,,|646_706_2_347_,,,
707,,,,,,
708,,,,,|648_708_4_348_,
709,,,,,,
710,,,,,,
711,|655_711_0_351_,,,,,
712,,,|652_712_2_349_,,|656_712_4_352_,
713,,,,,,
714,,,|658_714_2_354_,,|654_714_4_350_,
715,,|688_715_1_369_,,,,
716,,,,,|657_716_4_353_,
717,,,,,,
718,,,,,|670_718_4_359_,
719,,,,,,
720,,,,,,
721,,|676_721_1_362_,,,,
722,,,,,|662_722_4_355_,
723,,,,,,
724,,,,|665_724_3_356_,,
725,,,,,,
726,,,,|666_726_3_357_,,
727,,,,,|668_727_4_358_,
728,,,,,,
729,,,,,,
730,,,,,,
731,,,,,,
732,,,,,,
733,,,,,,
734,,,,,|674_734_4_360_,
735,,,,|675_735_3_361_,,
736,,|689_736_1_370_,|679_736_2_365_,,,
737,,|678_737_1_364_,,,|677_737_4_363_,
738,,,,,,
739,,,,,,
740,,,,,,
741,,,,,,
742,,|682_742_1_366_,,,,
743,,,,,,
744,,|684_744_1_367_,,,,
745,|685_745_0_368_,,,,,
746,,,,,,
747,,,,,,
748,,,,,,
749,,,,,,
750,,,,|690_750_3_371_,,
751,,,,,,
752,,|692_752_1_372_,,,,
753,,,,,,
754,,,,,,
755,,,|695_755_2_373_,,,
756,,,,|696_756_3_374_,,
757,,,,,,
758,,,,,|698_758_4_375_,
759,,,,,,
760,,,|700_760_2_376_,,,
761,,,,,,
762,,,,,,
763,|703_763_0_377_,,,,,
764,,,,,,
765,,|705_765_1_378_,,,,
766,,,,,|706_766_4_379_,
767,,,,,,
768,,,,,,
769,,|709_769_1_380_,,,,
770,|710_770_0_381_,,,,,
771,,,,,,
772,,,,|712_772_3_382_,,
773,|713_773_0_383_,,,,,
774,,,,,,
775,,,,,,
776,,,,,|716_776_4_384_,
777,,,,,,
778,,,,,|718_778_4_385_,
779,,,,,|719_779_4_386_,
780,,,|720_780_2_387_,,,
781,,,,,,
782,,,|722_782_2_388_,,,
783,,,,,|723_783_4_389_,
784,,|724_784_1_390_,,,,
785,|725_785_0_391_,,,,,
786,,,,,,
787,,,,,,
788,,,,,,
789,,,,,,
790,,,,,|730_790_4_392_,
791,,,,,,
792,,,,,,
793,,|733_793_1_393_,,,,
794,,|734_794_1_394_,,,,
795,,,,,,
796,,,,,,
797,,,,,,
798,,,,,,
799,,,,,,
800,,,,,,
801,,,,,,
802,,,,,,
803,,,,,,
804,,,,,,
805,,,|745_805_2_395_,,,
806,,,,,,
807,,,|747_807_2_396_,,,
808,,,,,,
809,,,,,|749_809_4_397_,
810,,|750_810_1_398_,,,,
811,,,,,,
812,,,,,,
813,,,,,,
814,,,,,,
815,,,,,|756_815_4_399_,
816,,,,,,
817,,,,,,
818,,|759_818_1_400_,,,,
819,,,,,,
820,,,,,,
821,,,,,,
822,,,,,,
823,,,,,,
824,,,|764_824_2_401_,,|765_824_4_402_,
825,,,,,,
826,,,,,,
827,,,,,,
828,,|768_828_1_403_,,,,
829,,,,,,
830,,,,,,
831,,,,,,
832,,|773_832_1_404_,,,,
833,,,,,,
834,|774_834_0_405_,,,,,
835,,,,,|775_835_4_406_,
836,,|801_836_1_419_,,,|776_836_4_407_,
837,,|777_837_1_408_,,,,
838,,,,,,
839,,,,,,
840,,|802_840_1_420_,,,,
841,,,,,,
842,,,,,,
843,|789_843_0_413_,,,,|783_843_4_409_,
844,,,,,,
845,|788_845_0_412_,|785_845_1_410_,,,,
846,,,,,|786_846_4_411_,
847,,,,,,
848,,,,,,
849,,,,,,
850,,,|793_850_2_414_,,,
851,,,,,,
852,,,,,,
853,,,,,,
854,,,|794_854_2_415_,,,
855,,,|798_855_2_416_,,,
856,,,,,,
857,,,,,,
858,,,,,,
859,,,,,|799_859_4_417_,
860,,,,,|800_860_4_418_,
861,,,,,,
862,,,,,|811_862_4_424_,
863,|803_863_0_421_,,,,,
864,,,,,|805_864_4_422_,
865,,,,,,
866,|808_866_0_423_,,,,,
867,,,,,,
868,,,,,,
869,,,,,,
870,|812_870_0_425_,,,,,
871,,,,,,
872,,,,,,
873,|838_873_0_434_,,,,,
874,,,,,,
875,|815_875_0_426_,,,,|818_875_4_427_,
876,|855_876_0_442_,,,,,
877,,,,,,
878,,,,,|845_878_4_436_,
879,,,,,,
880,,,,,,
881,,,,,,
882,,,,,,
883,,,,,,
884,,,,,|824_884_4_428_,
885,,|825_885_1_429_,,,,
886,,,,,,
887,,,,,,
888,,,,,,
889,,,,,|831_889_4_431_,
890,,|830_890_1_430_,,,,
891,|832_891_0_432_,|865_891_1_448_,,,,
892,,,,,,
893,,,,,,
894,,,,,,
895,,,,,,
896,|836_896_0_433_,,,,,
897,,|850_897_1_439_,,,,
898,,,,,,
899,,,,,,
900,,,,,,
901,,,,,,
902,|842_902_0_435_,,,,,
903,,,,,,
904,,,,,|862_904_4_445_,
905,,,,,,
906,,,|846_906_2_437_,,,
907,,,,,,
908,,|849_908_1_438_,,,,
909,,,,,,
910,,,,,,
911,,,,,,
912,,,,,,
913,,,,,|853_913_4_440_,
914,,,|854_914_2_441_,,,
915,|872_915_0_451_,,,,|856_915_4_443_,
916,,,,,,
917,|901_917_0_463_,|857_917_1_444_,,,,
918,,,,,,
919,,,,,,
920,,,,,|863_920_4_446_,
921,,,,,,
922,,,,,,
923,,,,,,
924,,,|864_924_2_447_,,,
925,,,,,,
926,,|921_926_1_474_,,,,
927,,,,,|867_927_4_449_,
928,|870_928_0_450_,,,,,
929,,,,,,
930,,,,,,
931,,|880_931_1_454_,,,,
932,,|876_932_1_453_,,,,
933,,|889_933_1_457_,,,,
934,,|874_934_1_452_,,,,
935,,,,,,
936,,,,,,
937,,,,,,
938,,,,,,
939,,,,,,
940,,,,,,
941,,,,,,
942,,,,,,
943,,,,,,
944,,,,,,
945,,,,,,
946,,|886_946_1_455_,,,|917_946_4_471_,
947,,,|887_947_2_456_,,,
948,,,,,,
949,,,,,,
950,|890_950_0_458_,,,,,
951,,|891_951_1_459_,,,,
952,,|898_952_1_462_,,,|892_952_4_460_,
953,,,,,,
954,,,,,,
955,,,,,,
956,,,,,|896_956_4_461_,
957,,,,,,
958,,,,,,
959,,,,,,
960,,,,,,
961,|902_961_0_464_,,,,,
962,,,,,,
963,,,,,,
964,,,,,|905_964_4_465_,
965,,,,,,
966,,,,,,
967,,,,,|907_967_4_466_,
968,,,,,,
969,,,,,,
970,,,,,,
971,|912_971_0_467_,,,,,
972,,,,,,
973,,,,,,
974,,|915_974_1_469_,,,|914_974_4_468_,
975,,,,,|927_975_4_479_,
976,,|916_976_1_470_,,,,
977,,,|918_977_2_472_,,,
978,,,,,,
979,,,,,|920_979_4_473_,
980,,,,,,
981,,,,,,
982,|923_982_0_476_,|922_982_1_475_,,,,
983,,,,,,
984,,,,,|925_984_4_477_,
985,,,,,,
986,,|926_986_1_478_,,,,
987,,,,,,
988,,,,,,
989,,|929_989_1_480_,|930_989_2_481_,,,
990,,,,,,
991,,|932_991_1_482_,,,|937_991_4_484_,
992,,,,,,
993,,,,,|934_993_4_483_,
994,,,,,,
995,,,,,,
996,,,,,,
997,,,|952_997_2_487_,,,
998,,,,,,
999,,,,,,
1000,,,,,|940_1000_4_485_,
1001,,,,,,
1002,,,,,,
1003,,,,,|943_1003_4_486_,
1004,,|979_1004_1_496_,,,,
1005,,|992_1005_1_501_,,,,
1006,,,,,,
1007,,,,,,
1008,,,,,,
1009,,,,,,
1010,,,|957_1010_2_489_,,,
1011,,,,,,
1012,,,|968_1012_2_493_,,,
1013,,,,,|953_1013_4_488_,
1014,,,,,,
1015,,,,,,
1016,,,,,,
1017,,,,,,
1018,,|958_1018_1_490_,,,,
1019,,,,,,
1020,|1018_1020_0_514_,,,,|961_1020_4_491_,
1021,,,,,,
1022,,,,,,
1023,,,,,,
1024,,,,,,
1025,,,,,|966_1025_4_492_,
1026,,,,,,
1027,,,,,,
1028,,,,,,
1029,,,,,,
1030,,,,,,
1031,,,,,,
1032,,|975_1032_1_494_,,,,
1033,,,,,,
1034,,,,,,
1035,,,,,,
1036,,|980_1036_1_497_,,,|978_1036_4_495_,
1037,|1035_1037_0_521_,,,,|981_1037_4_498_,
1038,,,,,,
1039,,,,,,
1040,,,,,,
1041,,,,,,
1042,,,,,,
1043,,,,,,
1044,,,,,,
1045,|986_1045_0_499_,,,,,
1046,,,,,|1012_1046_4_512_,
1047,,,,,,
1048,|988_1048_0_500_,,,,,
1049,,|1047_1049_1_527_,,,,
1050,,,,,,
1051,,,,,,
1052,,,|1015_1052_2_513_,,,
1053,,,,,,
1054,,,,,,
1055,,,,,,
1056,|996_1056_0_502_,|997_1056_1_503_,,,,
1057,,,,,,
1058,,,,,|998_1058_4_504_,
1059,,|999_1059_1_505_,,,,
1060,,,,,,
1061,,|1001_1061_1_506_,,,,
1062,|1002_1062_0_507_,,,,|1003_1062_4_508_,
1063,,,,,,
1064,,,,,,
1065,|1007_1065_0_510_,,,,,
1066,,|1006_1066_1_509_,,,,
1067,,,,,,
1068,,,,,,
1069,,,,,|1010_1069_4_511_,
1070,,,,,,
1071,,,,,,
1072,,,,,,
1073,,,,,,
1074,,,,,,
1075,,,,,,
1076,,,|1021_1076_2_517_,,,
1077,,,,,,
1078,|1020_1078_0_516_,,,,|1019_1078_4_515_,
1079,|1050_1079_0_528_,,,,,
1080,,|1057_1080_1_530_,,,,
1081,,,,,,
1082,,|1022_1082_1_518_,,,,
1083,,,,,,
1084,,,,,,
1085,,,,,,
1086,|1043_1086_0_524_,|1075_1086_1_534_,,,,
1087,,,,,,
1088,|1028_1088_0_519_,,,,,
1089,,,,,,
1090,,,,,,
1091,,,,,,
1092,,|1033_1092_1_520_,,,,
1093,,,,,,
1094,,,,,,
1095,|1056_1095_0_529_,,,,,
1096,,,,,,
1097,,,,,,
1098,,,,,|1038_1098_4_522_,
1099,|1041_1099_0_523_,,,,,
1100,,,,,,
1101,,,,,,
1102,,,,,,
1103,|1044_1103_0_525_,,,,,
1104,|1046_1104_0_526_,,,,,
1105,,,,,,
1106,,,,,,
1107,,,,,,
1108,,,,,|1086_1108_4_539_,
1109,,|1082_1109_1_536_,,,,
1110,,,,,,
1111,,,,,,
1112,,,,,,
1113,,,,,,
1114,,,,,|1078_1114_4_535_,
1115,,,,,,
1116,,,,,,
1117,,,,,,
1118,,,,,,
1119,,,,,,
1120,,,,,,
1121,,,,,|1062_1121_4_531_,
1122,,,,,,
1123,,,,,,
1124,,,,,|1070_1124_4_532_,
1125,,,,,,
1126,,,,,,
1127,,,,,,
1128,,,,,,
1129,|1121_1129_0_557_,,,,,
1130,,,,,,
1131,,,,,,
1132,,,,,,
1133,,,,,,
1134,|1074_1134_0_533_,,,,,
1135,,,,,,
1136,,,,,,
1137,,,,,,
1138,,,,,,
1139,,,,,,
1140,,,,,,
1141,,,,,,
1142,|1083_1142_0_537_,,|1093_1142_2_543_,,,
1143,,,,,,
1144,,,,,|1084_1144_4_538_,
1145,,,,,,
1146,,,,,,
1147,,|1087_1147_1_540_,,,,
1148,,,,,,
1149,,,,,,
1150,,,,,|1091_1150_4_541_,
1151,,,,,,
1152,,,,,|1092_1152_4_542_,
1153,,,|1097_1153_2_545_,,,
1154,|1098_1154_0_546_,,,,,
1155,,,|1096_1155_2_544_,,,
1156,,,,,,
1157,,,,,,
1158,,,,,,
1159,,,,,|1099_1159_4_547_,
1160,,,,,,
1161,,|1107_1161_1_550_,,,,
1162,,|1102_1162_1_548_,,,,
1163,,,,,,
1164,,,,,|1125_1164_4_559_,
1165,,,,,|1106_1165_4_549_,
1166,,,,,,
1167,,,,,,
1168,,,,,,
1169,,,,,|1128_1169_4_561_,
1170,,,,,,
1171,|1112_1171_0_551_,,,,|1116_1171_4_554_,
1172,,,,,,
1173,|1113_1173_0_552_,,,,,
1174,,,,,|1114_1174_4_553_,
1175,,,,,,
1176,,|1117_1176_1_555_,,,|1118_1176_4_556_,
1177,,,,,,
1178,,,,,,
1179,,,,,,
1180,,,,,,
1181,,,,,,
1182,,,,,|1122_1182_4_558_,
1183,,,,,,
1184,,,,,|1129_1184_4_562_,
1185,,,,,,
1186,,,,,|1126_1186_4_560_,
1187,,,,,,
1188,,,,,,
1189,,,,,|1131_1189_4_564_,
1190,,,,,|1130_1190_4_563_,
1191,,,,,,
1192,,,,,,
1193,,|1134_1193_1_565_,,,,
1194,,,,,,
1195,,,,,,
1196,,,,,,
1197,|1137_1197_0_566_,,,,,
1198,,,,,,
1199,,,,,,
1200,,,,,|1140_1200_4_567_,
1201,,,,,,
1202,|1151_1202_0_573_,,,,,
1203,,,,,|1148_1203_4_570_,
1204,|1147_1204_0_569_,,,,,
1205,,|1146_1205_1_568_,,,,
1206,,,,,,
1207,,,,,,
1208,,|1166_1208_1_582_,,,,
1209,,,,,|1149_1209_4_571_,
1210,,,|1150_1210_2_572_,,,
1211,|1168_1211_0_583_,,,,,
1212,,|1152_1212_1_574_,,,,
1213,|1153_1213_0_575_,,,,,
1214,,,,,,
1215,,,,,,
1216,,,,,,
1217,,,|1157_1217_2_576_,,,
1218,,,,,|1158_1218_4_577_,
1219,,,,,,
1220,,,,,,
1221,,,,,,
1222,,|1162_1222_1_578_,,,,
1223,,,,,|1163_1223_4_579_,
1224,,,|1164_1224_2_580_,,,
1225,,|1165_1225_1_581_,,,,
1226,,|1173_1226_1_586_,,,,
1227,,,,,,
1228,,,,,,
1229,|1169_1229_0_584_,,,,,
1230,,,,,,
1231,,|1171_1231_1_585_,,,,
1232,,,,,,
1233,,,,,,
1234,,,,,|1174_1234_4_587_,
1235,,,,,|1175_1235_4_588_,
1236,,,,,,
1237,,,,,,
1238,,,,,,
1239,,,,,,
1240,,,,,,
1241,|1239_1241_0_612_,,,,,
1242,|1197_1242_0_599_,,,,,
1243,,,,,|1183_1243_4_589_,
1244,|1185_1244_0_591_,|1184_1244_1_590_,,,|1190_1244_4_594_,
1245,,,,,,
1246,,|1186_1246_1_592_,,,,
1247,,|1188_1247_1_593_,,,,
1248,,,,,,
1249,,,,,,
1250,,,,,,
1251,,|1236_1251_1_611_,,,,
1252,,,,,,
1253,|1199_1253_0_600_,,,,|1193_1253_4_595_,
1254,,|1194_1254_1_596_,,,,
1255,|1196_1255_0_598_,,,,|1195_1255_4_597_,
1256,,,,,,
1257,,,,,,
1258,,,,,,
1259,,,,,,
1260,,,,,,
1261,,,,,,
1262,|1203_1262_0_601_,,,,,
1263,,,,,,
1264,|1205_1264_0_602_,,,,,
1265,,,,,|1206_1265_4_603_,
1266,,,,,,
1267,,,,,|1207_1267_4_604_,
1268,,,,,,
1269,,,,,,
1270,,,,,,
1271,,|1214_1271_1_606_,,,|1211_1271_4_605_,
1272,,,,,,
1273,,,,,,
1274,,,,,,
1275,,,,,,
1276,,,,,,
1277,,,,,|1217_1277_4_607_,
1278,,,,,,
1279,,,,,,
1280,,,,,,
1281,,,,,,
1282,,,,,,
1283,,,,,,
1284,,,,,,
1285,,,,,,
1286,,,,,,
1287,,|1233_1287_1_609_,,,,
1288,,,,,,
1289,,,,,,
1290,,,,,|1230_1290_4_608_,
1291,,,,,,
1292,,,,,,
1293,,,,,|1234_1293_4_610_,
1294,,,,,|1262_1294_4_621_,
1295,,,,,,
1296,,,,,,
1297,,,,,,
1298,,,,,,
1299,,|1241_1299_1_613_,,,,
1300,|1247_1300_0_615_,,,,|1242_1300_4_614_,
1301,,,,,,
1302,,,|1248_1302_2_616_,,,
1303,,,,,,
1304,,|1275_1304_1_624_,,,,
1305,,,,,,
1306,,,,,,
1307,,,,,,
1308,,,,,,
1309,,,,,,
1310,,,,,,
1311,,,,,,
1312,,,,,,
1313,,,,,|1253_1313_4_617_,
1314,,,,,|1254_1314_4_618_|1257_1314_4_620_,
1315,,,,,|1255_1315_4_619_,
1316,,,,,,
1317,,,,,,
1318,,,,,,
1319,,,,,,
1320,,,,,,
1321,,,,,,
1322,,,,,|1263_1322_4_622_,
1323,,,,,,
1324,,,,,,
1325,,,,,,
1326,,,,,|1267_1326_4_623_,
1327,,,,,,
1328,,,,,,
1329,,,,,,
1330,,,,,,
1331,|1280_1331_0_627_,,,,,
1332,,,,,,
1333,|1276_1333_0_625_,,,,,
1334,,,,,,
1335,,,,,,
1336,,,,,,
1337,,,,,,
1338,,,|1278_1338_2_626_,,,
1339,,,,,,
1340,,,,,,
1341,,,,,,
1342,,|1282_1342_1_628_,,,,
1343,,,,,,
1344,,,,,,
1345,,|1319_1345_1_641_,,,,
1346,,,,,,
1347,,,,,,
1348,,,,,,
1349,,,,,,
1350,,,,,,
1351,,,,,,
1352,,,,,,
1353,,,,,|1294_1353_4_629_,
1354,,,,,|1295_1354_4_630_,
1355,,,,,,
1356,,,,,,
1357,,|1297_1357_1_631_,,,,
1358,,,,,,
1359,,,,,,
1360,,|1300_1360_1_632_,,,,
1361,,|1301_1361_1_633_,,,,
1362,,|1302_1362_1_634_,,,,
1363,,,,,,
1364,,,,,,
1365,,,,,,
1366,,,,,|1306_1366_4_635_,
1367,,,,,,
1368,,,,,,
1369,|1310_1369_0_637_,|1309_1369_1_636_,,,,
1370,,,,,,
1371,,,,,,
1372,,,,,,
1373,,,|1313_1373_2_638_,,,
1374,,|1314_1374_1_639_,,,,
1375,,,,,,
1376,,|1316_1376_1_640_,,,,
1377,,,,,,
1378,,,,,,
1379,,,,,,
1380,,,,,,
1381,,|1321_1381_1_642_,,,,
1382,,|1322_1382_1_643_,,,,
1383,,,,,|1335_1383_4_646_,
1384,,,,,|1329_1384_4_645_,
1385,,,,,,
1386,,,,,,
1387,|1327_1387_0_644_,,,,,
1388,,,,,,
1389,,,,,,
1390,,,,,,
1391,,,,,,
1392,,,,,,
1393,,,,,,
1394,|1339_1394_0_647_,,,,,
1395,,,,,,
1396,,,,,,
1397,,,,,,
1398,,,,,,
1399,,,,,,
1400,,,,,,
1401,,,,,,
1402,,,,,,
1403,,,,,,
1404,,,,,,
1405,,,,,,
1406,,|1346_1406_1_648_,,,|1349_1406_4_650_,
1407,,|1347_1407_1_649_,,,,
1408,,,,,,
1409,,,,,,
1410,,,,,,
1411,,|1351_1411_1_651_|1361_1411_1_654_,,,,
1412,,,,,,
1413,,,,,,
1414,,,,,|1356_1414_4_653_,
1415,,|1355_1415_1_652_,,,,
1416,,,,,,
1417,,,,,,
1418,,,,,,
1419,,,,,,
1420,,,,,,
1421,,,,,,
1422,|1375_1422_0_661_,,,,,
1423,,,,,|1363_1423_4_655_,
1424,,,,,|1364_1424_4_656_,
1425,|1366_1425_0_657_,,,,,
1426,|1368_1426_0_658_,,,,,
1427,,,,,,
1428,,,,,,
1429,,,,,,
1430,,,,,,
1431,,,,,|1371_1431_4_659_,
1432,,,,,|1372_1432_4_660_,
1433,,,,,,
1434,,,,,,
1435,,,,,,
1436,,|1378_1436_1_662_,,,,
1437,,,,,,
1438,,,,,,
1439,,,,,,
1440,,,,,,
1441,,,,,,
1442,,,,,,
1443,,,,,,
1444,,,,,|1384_1444_4_663_,
1445,,,,,|1385_1445_4_664_,
1446,,,,,|1386_1446_4_665_,
1447,,,|1387_1447_2_666_,,,
1448,,,,,|1388_1448_4_667_,
1449,,,,,,
1450,,,,,,
1451,|1394_1451_0_669_,,,,,
1452,,|1392_1452_1_668_,,,,
1453,,,,,,
1454,,,,,,
1455,,,,,,
1456,,,,,|1396_1456_4_670_|1397_1456_4_671_,
1457,,,,,,
1458,,,,,,
1459,,|1399_1459_1_672_,,,,
1460,,|1400_1460_1_673_,,,,
1461,,|1402_1461_1_674_,,,,
1462,,,,,,
1463,,,,,,
1464,,,,,,
1465,,,,,,
1466,,,,,,
1467,,,,,,
1468,,,,,,
1469,,|1409_1469_1_675_,,,,
1470,,,,,,
1471,,,,,,
1472,,,,,|1412_1472_4_676_,
1473,,,,,,
1474,,,,,,
1475,,,,,|1415_1475_4_677_,
1476,,,,,,
1477,,|1417_1477_1_678_,,,,
1478,,,,,,
1479,,,,,,
1480,,,,,,
1481,,|1421_1481_1_679_,,,,
1482,,,,,,
1483,,,,,,
1484,,,,,,
1485,,,,,,
1486,,,,,,
1487,,,,,,
1488,|1428_1488_0_680_,,,,,
1489,,,,,|1429_1489_4_681_,
1490,,,,,|1430_1490_4_682_,
1491,,,,,,
1492,,,,,,
1493,|1433_1493_0_683_,,,,,
1494,,,,,|1434_1494_4_684_,
1495,,,,,,
1496,,,,,,
1497,,|1437_1497_1_685_,,,,
1498,|1438_1498_0_686_,,,,,
1499,,,,,,
1500,,,,,|1440_1500_4_687_,
1501,,,,,,
1502,,,,,,
1503,,,,,,
1504,,,,,,
1505,,,,,|1445_1505_4_688_,
1506,,,,,,
1507,|1447_1507_0_689_,,,,,
1508,,,|1453_1508_2_693_,,,
1509,|1449_1509_0_690_,,,,,
1510,,,,,|1451_1510_4_691_,
1511,,,,,,
1512,,|1452_1512_1_692_,,,,
1513,,,,,,
1514,,,,,,
1515,,,,,,
1516,,,,,|1456_1516_4_694_,
1517,,,,,,
1518,,,,,,
1519,,,,,,
1520,,,,,,
1521,|1502_1521_0_709_,,,,,
1522,|1463_1522_0_695_,,,,,
1523,,,,,,
1524,,,,,,
1525,,,,,,
1526,,,,,,
1527,,,,,,
1528,,,,,,
1529,|1488_1529_0_702_|1529_1529_0_714_,,,,,
1530,,,,,,
1531,,,,,,
1532,,,,,|1472_1532_4_696_,
1533,,,,,,
1534,,,,,,
1535,,,,,|1475_1535_4_697_,
1536,,,,,|1477_1536_4_698_,
1537,|1489_1537_0_703_,,,,,
1538,,,|1478_1538_2_699_,,,
1539,,,,,,
1540,,|1484_1540_1_700_,,,,
1541,,,|1496_1541_2_706_,,,
1542,,,,,,
1543,,,,,,
1544,|1544_1544_0_719_,,,,,
1545,,,,,,
1546,,,,,,
1547,,,|1487_1547_2_701_,,,
1548,,|1493_1548_1_705_,,,,
1549,,,,,,
1550,|1500_1550_0_708_,,,,,
1551,,|1491_1551_1_704_,,,,
1552,,,,,,
1553,,,,,,
1554,,,,,,
1555,,,,,,
1556,,|1498_1556_1_707_,,,,
1557,,,,,,
1558,,,,,,
1559,,,,,,
1560,,,,,,
1561,,,,,,
1562,,,,,,
1563,,,,,,
1564,,,,,|1504_1564_4_710_,
1565,,,,,,
1566,,,,,,
1567,,,,,,
1568,,,,,,
1569,,,,,,
1570,,,,,,
1571,|1571_1571_0_729_,,,,,
1572,,|1549_1572_1_722_,,,,
1573,|1573_1573_0_730_,,,,|1513_1573_4_711_,
1574,,,,,,
1575,,,,,,
1576,|1576_1576_0_731_,,,,,
1577,,,,,,
1578,,,,,,
1579,,,,,|1528_1579_4_713_,
1580,,,,,,
1581,,,,,|1521_1581_4_712_,
1582,,,,,,
1583,,,,,,
1584,,,,,,
1585,,,,,,
1586,,,,,,
1587,|1587_1587_0_734_,,,,,
1588,,,,,,
1589,|1589_1589_0_736_,,,,,
1590,,,,,|1530_1590_4_715_,
1591,,,,,|1542_1591_4_718_,
1592,,,,,,
1593,,,,,,
1594,,,,,,
1595,,,,,,
1596,,,,,|1536_1596_4_716_,
1597,,,,,,
1598,,,,,,
1599,,,,,,
1600,,,|1540_1600_2_717_,,,
1601,,,,,,
1602,,,,,,
1603,,,,,,
1604,,,,,,
1605,,|1545_1605_1_720_,|1547_1605_2_721_,,,
1606,,,,,,
1607,,,,,,
1608,,,,,,
1609,,,,,,
1610,,,,,|1550_1610_4_723_,
1611,,,,,,
1612,,,,,,
1613,,,,,|1553_1613_4_724_,
1614,,,,,|1565_1614_4_726_,
1615,,,,,,
1616,,,,,,
1617,,,,,,
1618,,|1559_1618_1_725_|1610_1618_1_745_,,,,
1619,,,,,|1566_1619_4_727_,
1620,,,,,,
1621,,,,,,
1622,,,,,,
1623,,,,,,
1624,,,,,,
1625,,,,,,
1626,,,,,,
1627,,,,,|1588_1627_4_735_,
1628,,,,,|1568_1628_4_728_,
1629,,,,,,
1630,,,,,,
1631,,,|1582_1631_2_733_,,|1578_1631_4_732_,
1632,,,,,,
1633,,,,,,
1634,,,,,,
1635,,,,,,
1636,,,,,,
1637,,,,,,
1638,,,,,,
1639,,,,,,
1640,,,,,,
1641,,,,,,
1642,,,,,,
1643,,,,,|1617_1643_4_749_,
1644,,,|1593_1644_2_737_,,|1594_1644_4_738_,
1645,,,,,,
1646,,,,,|1622_1646_4_750_,
1647,,,,,,
1648,,,,,,
1649,,,|1598_1649_2_740_,,,
1650,,,,,,
1651,,,,,|1597_1651_4_739_,
1652,,,,,,
1653,,,,,,
1654,,,,,|1614_1654_4_748_,
1655,,,,,|1602_1655_4_742_,
1656,,|1613_1656_1_747_,,,,
1657,,,,,,
1658,,|1636_1658_1_752_,,,,
1659,,,,,|1608_1659_4_744_,
1660,|1660_1660_0_764_,,,,|1600_1660_4_741_,
1661,,,,,,
1662,,,,,,
1663,,,,,|1630_1663_4_751_,
1664,,,,,|1604_1664_4_743_,
1665,,,|1611_1665_2_746_,,,
1666,,,,,,
1667,,,,,,
1668,,,,,,
1669,,,,,,
1670,,,,,|1647_1670_4_757_,
1671,,,,,,
1672,,,,,,
1673,,,,,,
1674,,,,,,
1675,,|1665_1675_1_766_,,,,
1676,,,,,|1673_1676_4_770_,
1677,,,,,,
1678,,,,,,
1679,,,,,,
1680,,,,,,
1681,,|1657_1681_1_762_,,,,
1682,,,,,|1682_1682_4_774_,
1683,,,,,,
1684,,|1641_1684_1_755_,,,,
1685,,,,,|1663_1685_4_765_,
1686,,,,,,
1687,|1687_1687_0_775_,,,,,
1688,,,,,,
1689,,,,,|1649_1689_4_758_,
1690,,,,,,
1691,,,,,,
1692,,,,,,
1693,,,,,,
1694,,,,,|1640_1694_4_754_,
1695,,,,,,
1696,,,,,,
1697,,,|1652_1697_2_759_,,,
1698,,,,,,
1699,,,,,|1639_1699_4_753_,
1700,,,,,,
1701,,|1688_1701_1_776_,,,,
1702,,,,,|1668_1702_4_768_|1702_1702_4_779_,
1703,,,,,,
1704,,|1646_1704_1_756_,,,|1677_1704_4_772_,
1705,,,,,,
1706,,,,,|1674_1706_4_771_,
1707,,,,,,
1708,,,,,,
1709,,,,,,
1710,,,,,,
1711,,,,,,
1712,,,,,,
1713,,,,,|1658_1713_4_763_,
1714,,,,,|1654_1714_4_760_,
1715,,,,,|1655_1715_4_761_,
1716,,,,,,
1717,,,,,,
1718,,,,,,
1719,,,,,,
1720,,,,,,
1721,,,|1703_1721_2_780_,,,
1722,,,,,,
1723,,|1667_1723_1_767_,,,,
1724,,,,,,
1725,,,,,,
1726,,,,,,
1727,,,,,,
1728,,,,,|1671_1728_4_769_,
1729,,,,,,
1730,,,|1681_1730_2_773_,,,
1731,,|1695_1731_1_777_,,,,
1732,,,,,,
1733,,|1716_1733_1_784_,,,,
1734,,,,,|1731_1734_4_787_,
1735,,|1700_1735_1_778_,,,,
1736,,,,,,
1737,,,,,,
1738,,,,,,
1739,|1739_1739_0_791_,,,,,
1740,,,,,,
1741,,,,,,
1742,,,,,,
1743,,,,,,
1744,,,|1737_1744_2_789_,,,
1745,,,,,,
1746,,,,,,
1747,,,,,,
1748,,,,,|1748_1748_4_793_,
1749,,,|1734_1749_2_788_,,,
1750,,,,,,
1751,,|1704_1751_1_781_,,,,
1752,,,,,|1708_1752_4_782_,
1753,|1753_1753_0_794_,,,,,
1754,,|1711_1754_1_783_,,,,
1755,,,,,,
1756,,,,,,
1757,,,,,,
1758,,,,,,
1759,,,,,,
1760,,,,,,
1761,,,,,,
1762,,,,,,
1763,,,,,,
1764,,,,,,
1765,,,,,,
1766,,,,,,
1767,,,,,,
1768,,,,,,
1769,,,,,,
1770,,,,,,
1771,,,,,,
1772,,,,,,
1773,,,,,,
1774,,,,,,
1775,,,,,,
1776,,,,,,
1777,,,,,,
1778,,|1720_1778_1_785_,,,,
1779,,,,,,
1780,,,,,,
1781,,,,,|1754_1781_4_795_|1755_1781_4_796_,
1782,,,,,,
1783,,,,,,
1784,,,,,|1738_1784_4_790_,
1785,,,,,,
1786,,,,,,
1787,,,,,,
1788,,,|1777_1788_2_801_,,,
1789,,,,,|1730_1789_4_786_,
1790,,,,,,
1791,,,,,,
1792,,,,,,
1793,,,,,|1769_1793_4_799_,
1794,,,,,,
1795,,,,,,
1796,,,,,,
1797,,,,,,
1798,,,,,,
1799,,,,,,
1800,|1800_1800_0_809_,|1742_1800_1_792_,,,,
1801,,,,,,
1802,,,,,,
1803,,,,,,
1804,,|1780_1804_1_803_,,,,
1805,,,,,,
1806,,,,,,
1807,,|1779_1807_1_802_,,,,
1808,,,,,|1771_1808_4_800_,
1809,|1809_1809_0_810_,,,,,
1810,,,,,|1763_1810_4_798_,
1811,,,,,,
1812,,,,,,
1813,,,,,|1799_1813_4_808_,
1814,,,,,,
1815,,,|1814_1815_2_811_,,,
1816,,,,,,
1817,,,,,,
1818,,,,,,
1819,|1819_1819_0_813_,|1787_1819_1_805_,,,,
1820,,,,,|1760_1820_4_797_,
1821,,,|1821_1821_2_814_,,,
1822,,,,,,
1823,,,,,,
1824,,,,,,
1825,,,,,,
1826,|1826_1826_0_815_,,,,,
1827,,,,,,
1828,,,,,,
1829,,,,,,
1830,,,,,,
1831,,|1783_1831_1_804_,,,,
1832,,,,,,
1833,,,,,,
1834,,,,,,
1835,|1835_1835_0_818_,,,,,
1836,,,,,,
1837,,,,,,
1838,,,,,,
1839,,,,,|1795_1839_4_806_,
1840,,,,,,
1841,,,,,,
1842,,,,,,
1843,,,,,,
1844,,,,,,
1845,,,,,,
1846,,,,,,
1847,,,,,|1796_1847_4_807_,
1848,,,,,,
1849,,,,,,
1850,,,,,,
1851,,,,,,
1852,,,,,,
1853,,,,,,
1854,,,,,,
1855,,,,,,
1856,,,,,|1846_1856_4_823_,
1857,,,,,,
1858,,,,,|1836_1858_4_819_,
1859,,,,,,
1860,,,,,,
1861,,,,,,
1862,,,,,,
1863,,|1818_1863_1_812_,,,,
1864,,,,,,
1865,,,,,,
1866,,,,,,
1867,,,,,,
1868,,,,,,
1869,,,,,,
1870,,,,,,
1871,,,,,,
1872,,|1851_1872_1_825_,,,,
1873,,|1870_1873_1_830_,,,,
1874,,|1843_1874_1_821_,,,,
1875,,,,,,
1876,,|1837_1876_1_820_,|1853_1876_2_826_,,,
1877,,,|1861_1877_2_827_,,,
1878,,,,,|1844_1878_4_822_,
1879,,,,,|1834_1879_4_817_,
1880,,,,,,
1881,,,,,,
1882,,,,,,
1883,,,,,,
1884,,,,,,
1885,,,,,,
1886,,,,,,
1887,,,|1882_1887_2_838_,,|1828_1887_4_816_,
1888,,,,,|1848_1888_4_824_,
1889,,,,,,
1890,,,,,,
1891,,,,,,
1892,,,,,,
1893,,,,,,
1894,,,,,|1891_1894_4_841_,
1895,|1895_1895_0_844_,,,,,
1896,,|1871_1896_1_831_,,,,
1897,,,,,,
1898,,,,,,
1899,,,,,,
1900,,,,,|1872_1900_4_832_,
1901,,,,,,
1902,,|1864_1902_1_828_,,,|1881_1902_4_837_,
1903,,,,,|1876_1903_4_834_,
1904,,,,,,
1905,,,|1905_1905_2_848_,,,
1906,,,,,,
1907,,,,,,
1908,,,,,,
1909,,,,,|1879_1909_4_835_,
1910,,,,,|1907_1910_4_849_,
1911,,,,,,
1912,,,,,,
1913,,,,,|1901_1913_4_846_,
1914,,,,,|1904_1914_4_847_,
1915,,,,,,
1916,,,,,,
1917,,,,,,
1918,,,,,|1887_1918_4_839_,
1919,,,,,,
1920,,,,,|1893_1920_4_843_,
1921,,,,,,
1922,|1922_1922_0_853_,,,,,
1923,,,,,,
1924,,,,,,
1925,,,,,|1880_1925_4_836_,
1926,,,,,|1917_1926_4_851_,
1927,,,,,|1867_1927_4_829_,
1928,,,,,,
1929,,,,,|1892_1929_4_842_,
1930,,,,,,
1931,,,,,,
1932,,,,,,
1933,,,,,|1873_1933_4_833_,
1934,,,,,,
1935,,,,,,
1936,,,,,,
1937,,,,,|1915_1937_4_850_,
1938,,,,,,
1939,,,,,,
1940,,,,,|1890_1940_4_840_,
1941,,,,,,
1942,,,,,,
1943,,,,,,
1944,|1944_1944_0_860_,,,,,
1945,,,,,,
1946,,,,,,
1947,,,,,,
1948,,,,,,
1949,,,,,,
1950,,,,,,
1951,,,,,,
1952,,,,,,
1953,,,,,|1897_1953_4_845_,
1954,,,,,,
1955,,|1935_1955_1_857_,,,,
1956,,,,,,
1957,,,,,,
1958,,,,,,
1959,,,,,,
1960,,,,,,
1961,,,,,|1959_1961_4_864_,
1962,,,,,,
1963,,,,,,
1964,,,,,,
1965,,,,,,
1966,|1966_1966_0_867_,,,,,
1967,,,,,,
1968,,,,,,
1969,,,,,,
1970,,,,,,
1971,,,,,,
1972,,|1920_1972_1_852_,,,,
1973,,,,,,
1974,,,,,,
1975,,,,,|1938_1975_4_858_,
1976,,,,,|1946_1976_4_861_,
1977,,,,,,
1978,,|1960_1978_1_865_,,,,
1979,,,,,|1934_1979_4_856_,
1980,,,,,,
1981,,,,,,
1982,,,,,,
1983,,,,,,
1984,,,,,|1932_1984_4_855_,
1985,,,,,,
1986,,|1956_1986_1_862_,,,|1926_1986_4_854_,
1987,,,,,,
1988,,,,,,
1989,,,,,|1940_1989_4_859_,
1990,,,,,|1984_1990_4_874_,
1991,,,,,,
1992,,,,,,
1993,,,,,,
1994,,,,,,
1995,,,,,,
1996,,,,,,
1997,,,,,,
1998,|1998_1998_0_880_,,,,,
1999,,,,,|1958_1999_4_863_|1983_1999_4_873_,
2000,|2000_2000_0_881_,,,,,
2001,,,,,,
2002,,,,,,
2003,,,,,,
2004,,,,,,
2005,|2005_2005_0_884_,,,,,
2006,,,,,,
2007,,,,,,
2008,,,,,,
2009,,,,,|1985_2009_4_875_,
2010,,,,,,
2011,,,,,|1996_2011_4_879_,
2012,,,,,,
2013,,,,,,
2014,,|1961_2014_1_866_,,,,
2015,,,,,,
2016,,,,,,
2017,,|1987_2017_1_876_,,,,
2018,,|1979_2018_1_870_,,,,
2019,,,,,,
2020,,,,,,
2021,,,,,,
2022,,,,,,
2023,,|2023_2023_1_890_,,,|2011_2023_4_885_,
2024,,,,,,
2025,,,,,|1973_2025_4_868_,
2026,,,,,,
2027,,,,,|1978_2027_4_869_,
2028,,|2001_2028_1_882_,,,|1982_2028_4_872_,
2029,,,,,,
2030,,,,,|1989_2030_4_877_,
2031,,|1981_2031_1_871_,,,,
2032,,,,,,
2033,,,,,,
2034,,,,,,
2035,,,,,,
2036,,,,,,
2037,,,,,,
2038,,,,,,
2039,,,,,,
2040,,,,,,
2041,,,,,,
2042,,,,,,
2043,,|2040_2043_1_895_,,,,
2044,,,,,,
2045,,,,,,
2046,,|1991_2046_1_878_,,,,
2047,,,,,,
2048,,,,,,
2049,,,,,,
2050,,,,,,
2051,,,,,|2004_2051_4_883_,
2052,,,,,,
2053,,,,,,
2054,,,,,,
2055,,,,,,
2056,,,,,,
2057,,,,,,
2058,,|2012_2058_1_886_,,,,
2059,,,,,,
2060,,,,,,
2061,,,,,,
2062,,,,,,
2063,,,,,,
2064,,,,,,
2065,,,,,,
2066,,,,,,
2067,,,,,,
2068,,,,,,
2069,,,,,,
2070,,,,,,
2071,,,,,|2019_2071_4_888_,
2072,,,,,,
2073,,,,,,
2074,,,,,|2025_2074_4_891_,
2075,,,,,,
2076,,,,,,
2077,,,,,|2018_2077_4_887_,
2078,,|2060_2078_1_900_,,,,
2079,,,,,|2020_2079_4_889_,
2080,,,,,,
2081,,,,,,
2082,,,,,|2077_2082_4_907_,
2083,,,,,,
2084,,,,,,
2085,,,,,,
2086,,,,,|2044_2086_4_896_,
2087,,,,,|2029_2087_4_892_,
2088,,,,,|2031_2088_4_893_,
2089,,,,,,
2090,,,,,,
2091,,,,,,
2092,,,,,,
2093,,,,,,
2094,,,,,,
2095,,,,,|2035_2095_4_894_,
2096,,|2059_2096_1_899_,,,,
2097,,,,,,
2098,,,,,,
2099,,,,,,
2100,,,,,,
2101,,,,,|2062_2101_4_901_|2095_2101_4_912_,
2102,,,,,,
2103,,,,,,
2104,,,,,,
2105,,,,,,
2106,,,,,|2047_2106_4_897_,
2107,,,,,,
2108,,,,,,
2109,,,,,,
2110,,,,,,
2111,,,,,,
2112,,,,,,
2113,,,,,,
2114,,,,,,
2115,,|2102_2115_1_914_,,,,
2116,,,,,,
2117,,,,,|2058_2117_4_898_|2067_2117_4_903_,
2118,|2118_2118_0_920_,,,,,
2119,,,,,,
2120,,,,,,
2121,,|2070_2121_1_904_,,,,
2122,,,,,,
2123,,,,,,
2124,,,,,,
2125,,,|2065_2125_2_902_,,,
2126,,,,,,
2127,,,,,|2120_2127_4_922_,
2128,,,,,,
2129,,,,,,
2130,,,,,,
2131,,,,,,
2132,,,,,,
2133,,,,,,
2134,,,,,,
2135,,,,,|2075_2135_4_905_,
2136,,,,,|2076_2136_4_906_|2079_2136_4_908_,
2137,,,,,,
2138,,,,,,
2139,,,,,,
2140,,,,,,
2141,,,,,,
2142,,,,,,
2143,,,,,,
2144,|2144_2144_0_929_,|2084_2144_1_909_,,,,
2145,,,,,|2085_2145_4_910_,
2146,,,,,,
2147,,,,,,
2148,,,,,,
2149,,,,,,
2150,,|2101_2150_1_913_,,,,
2151,,,,,,
2152,,,,,,
2153,,,,,,
2154,,|2094_2154_1_911_,,,|2115_2154_4_918_|2116_2154_4_919_,
2155,,,,,,
2156,,,,,,
2157,,,,,,
2158,,,,,,
2159,,,,,,
2160,,,,,,
2161,,,,,|2103_2161_4_915_,
2162,,,,,,
2163,,,,,,
2164,,|2104_2164_1_916_,,,,
2165,,,,,|2106_2165_4_917_,
2166,,,,,,
2167,,,,,,
2168,,,,,,
2169,,,,,,
2170,,,,,,
2171,,,,,,
2172,,,,,,
2173,,,,,,
2174,,,,,,
2175,,,,,,
2176,,,,,|2124_2176_4_924_,
2177,,,,,,
2178,,,,,,
2179,,|2119_2179_1_921_,,,,
2180,,|2121_2180_1_923_,,,,
2181,,,,,,
2182,,,,,,
2183,,,,,,
2184,,,,,,
2185,,,,,,
2186,,,,,,
2187,,,,,,
2188,,,,,,
2189,,,,,,
2190,,|2130_2190_1_925_,,,,
2191,,,,,,
2192,|2192_2192_0_936_,|2133_2192_1_927_,,,|2132_2192_4_926_,
2193,,,,,,
2194,,,,,,
2195,,,,,,
2196,,|2136_2196_1_928_,,,,
2197,,,,,,
2198,,,,,,
2199,,,,,,
2200,,,,,,
2201,,,,,,
2202,,,,,,
2203,,,,,,
2204,,,,,,
2205,,,,,,
2206,,,,,,
2207,,,,,,
2208,,,,,,
2209,,,,,,
2210,,,,,,
2211,,,,,,
2212,,,,,,
2213,,,,,,
2214,,,,,,
2215,,,,,,
2216,,,,,,
2217,,,,,,
2218,,,,,|2158_2218_4_930_,
2219,,,,,,
2220,,,,,,
2221,,,,,,
2222,|2222_2222_0_942_,,,,|2162_2222_4_931_,
2223,,,,,,
2224,,,,,,
2225,,,,,,
2226,,|2166_2226_1_932_,,,,
2227,,,,,,
2228,,,,,,
2229,,,,,,
2230,,,,,,
2231,,,,,,
2232,,,,,,
2233,,,,,,
2234,,,,,,
2235,,,,,,
2236,,,,,,
2237,,,,,|2177_2237_4_933_,
2238,,,,,,
2239,,,,,,
2240,,,,,,
2241,,,,,,
2242,,,,,,
2243,,,,,|2183_2243_4_934_,
2244,,,,,,
2245,,,,,,
2246,,,,,,
2247,,,,,,
2248,,,,,|2190_2248_4_935_,
2249,,,,,,
2250,,,,,,
2251,,,,,,
2252,,,,,|2202_2252_4_940_,
2253,,,,,|2197_2253_4_938_,
2254,,,,,,
2255,,|2196_2255_1_937_|2251_2255_1_945_,,,,
2256,,,,,,
2257,,,,,,
2258,,,,,,
2259,,|2199_2259_1_939_,,,,
2260,,,,,,
2261,,,,,,
2262,,,,,,
2263,,,,,,
2264,,,,,,
2265,,,,,,
2266,,,,,,
2267,,,,,,
2268,,,,,,
2269,,,,,,
2270,,,,,,
2271,,,,,,
2272,,,,,,
2273,,,,,,
2274,,,,,,
2275,,,,,,
2276,,|2217_2276_1_941_,,,,
2277,,,,,,
2278,,,,,|2269_2278_4_949_,
2279,,,,,,
2280,,,,,|2258_2280_4_946_,
2281,,,,,,
2282,,,,,,
2283,,,,,,
2284,,,,,,
2285,,,,,|2233_2285_4_943_,
2286,,,,,,
2287,,,,,,
2288,,,,,,
2289,,,,,,
2290,,,,,|2268_2290_4_948_,
2291,,|2238_2291_1_944_,,,,
2292,,,,,,
2293,,,,,,
2294,,,,,,
2295,,,,,,
2296,,,,,,
2297,,,,,,
2298,,,,,,
2299,,,,,,
2300,,|2263_2300_1_947_,,,,
2301,,,,,,
2302,,,,,,
2303,,,,,,
2304,,,,,,
2305,,,,,,
2306,,,,,,
2307,,,,,,
2308,,,,,,
2309,,,,,,
2310,,,,,,
2311,,,,,,
2312,,,,,,
2313,,,,,|2309_2313_4_951_,
2314,,,,,,
2315,,,,,,
2316,,,,,,
2317,,,,,,
2318,,,,,,
2319,,,,,,
2320,,,,,,
2321,,,,,,
2322,,,,,,
2323,|2323_2323_0_953_,,,,,
2324,,,,,,
2325,,,,,,
2326,,,,,,
2327,|2327_2327_0_955_,,,,,
2328,,,,,,
2329,,,,,,
2330,,,,,,
2331,,,,,,
2332,,,,,,
2333,,,,,,
2334,,,,,,
2335,,,,,,
2336,,,,,,
2337,,,,,,
2338,,|2338_2338_1_957_,,,,
2339,,,,,,
2340,,,,,,
2341,,,,,,
2342,,,,,,
2343,,|2292_2343_1_950_,,,,
2344,,,,,,
2345,|2345_2345_0_959_,,,,,
2346,,|2346_2346_1_960_,,,,
2347,|2347_2347_0_961_,,,,,
2348,,,,,,
2349,,,,,,
2350,,,,,,
2351,,,,,,
2352,,|2352_2352_1_962_,,,,
2353,,,,,,
2354,,,,,,
2355,,,,,,
2356,,,,,,
2357,,,,,,
2358,,,,,,
2359,,,,,,
2360,,,,,,
2361,,|2344_2361_1_958_,,,|2310_2361_4_952_,
2362,,,,,,
2363,,,,,,
2364,,,,,,
2365,,,,,,
2366,,,,,,
2367,,,,,,
2368,,,,,,
2369,,,,,,
2370,,,,,,
2371,,,,,,
2372,,,,,|2326_2372_4_954_,
2373,,,,,,
2374,,,,,,
2375,,,,,,
2376,,,,,,
2377,,,,,,
2378,,,,,,
2379,,,,,,
2380,,,,,,
2381,,,,,,
2382,,,,,,
2383,,,,,,
2384,,|2384_2384_1_966_,,,,
2385,,,,,,
2386,,,,,,
2387,,,,,,
2388,,,,,,
2389,,,,,|2330_2389_4_956_,
2390,,,,,|2380_2390_4_965_,
2391,,,,,,
2392,,,,,,
2393,,,,,,
2394,,,,,,
2395,,,,,,
2396,,,,,,
2397,,,,,,
2398,,,,,,
2399,,,,,,
2400,,,,,,
2401,,,,,,
2402,,,,,,
2403,,|2403_2403_1_972_,,,,
2404,,,,,,
2405,,,,,,
2406,,,,,|2364_2406_4_964_,
2407,,,,,|2361_2407_4_963_,
2408,,,,,,
2409,,,,,|2399_2409_4_971_,
2410,,,,,,
2411,,,,,,
2412,,,,,,
2413,,,,,,
2414,,,,,,
2415,,,,,,
2416,,,,,,
2417,,,,,,
2418,,,,,,
2419,,,,,,
2420,,,,,,
2421,,,,,,
2422,|2422_2422_0_975_,,,,,
2423,,,,,,
2424,,,,,,
2425,,,,,,
2426,,,,,,
2427,,,,,|2391_2427_4_969_,
2428,,|2428_2428_1_977_,,,,
2429,,,,,|2390_2429_4_968_,
2430,,,,,,
2431,,,,,,
2432,,,,,,
2433,,,,,,
2434,,,,,|2414_2434_4_974_,
2435,,,,,,
2436,,,,,,
2437,,,,,,
2438,,,,,,
2439,,,,,,
2440,,,,,,
2441,,,,,|2389_2441_4_967_,
2442,,,,,,
2443,,,,,,
2444,,,,,,
2445,,,,,,
2446,,,,,,
2447,,,,,,
2448,,,,,|2427_2448_4_976_,
2449,,,,,,
2450,,,,,,
2451,,,,,|2396_2451_4_970_,
2452,,,,,,
2453,,,,,,
2454,,,,,,
2455,,,,,,
2456,,|2456_2456_1_982_,,,,
2457,,,,,,
2458,,,,,,
2459,,,,,,
2460,,,,,,
2461,,,,,,
2462,|2462_2462_0_985_,,,,,
2463,,,,,,
2464,,|2457_2464_1_983_,,,,
2465,,,,,,
2466,,,,,,
2467,,,,,,
2468,,,,,,
2469,,,,,|2409_2469_4_973_,
2470,,,,,,
2471,,,,,,
2472,,,,,,
2473,,,,,|2444_2473_4_978_,
2474,,,,,,
2475,,,,,,
2476,,,,,,
2477,,,,,|2446_2477_4_979_,
2478,,,,,,
2479,,,,,,
2480,,,,,,
2481,,,,,,
2482,,,,,,
2483,,,,,|2471_2483_4_987_,
2484,,,,,,
2485,,,,,,
2486,,,,,,
2487,,,,,|2472_2487_4_988_,
2488,,,,,,
2489,,,,,|2463_2489_4_986_,
2490,,,,,,
2491,,,,,,
2492,,,,,,
2493,,,,,,
2494,,,,,|2475_2494_4_990_,
2495,,,,,|2474_2495_4_989_,
2496,,,,,,
2497,,,,,,
2498,,,,,,
2499,,,,,|2492_2499_4_992_,
2500,,,,,|2497_2500_4_993_,
2501,,,,,,
2502,,,,,|2461_2502_4_984_,
2503,,,,,,
2504,,|2504_2504_1_996_,,,,
2505,,,,,|2500_2505_4_995_,
2506,,,,,,
2507,,,,,,
2508,,,,,,
2509,,,,,|2449_2509_4_980_,
2510,,,,,,
2511,,,,,,
2512,,,,,,
2513,,,,,|2454_2513_4_981_,
2514,,,,,,
2515,,,,,,
2516,,,,,,
2517,,,,,,
2518,,,,,,
2519,,|2519_2519_1_999_,,,,
2520,,|2520_2520_1_1000_,,,,
2521,,|2521_2521_1_1001_,,,|2487_2521_4_991_,
2522,,,,,|2499_2522_4_994_,
2523,,,,,,
2524,,,,,,
2525,,,,,,
2526,,,,,,
2527,,,,,,
2528,,,,,,
2529,,,,,,
2530,,,,,,
2531,,,,,,
2532,,,,,,
2533,,,,,,
2534,,|2534_2534_1_1002_,,,,
2535,,,,,,
2536,,,,,,
2537,,,,,,
2538,,,,,|2536_2538_4_1003_,
2539,,,,,,
2540,,,,,,
2541,,,,,,
2542,,,,,,
2543,,,,,,
2544,,,,,,
2545,,,,,,
2546,,,,,,
2547,,,,,,
2548,,,,,|2515_2548_4_997_,
2549,,|2518_2549_1_998_,,,,
2550,,,,,,
2551,,,,,,
2552,,,,,,
2553,,,,,,
2554,,,,,,
2555,,,,,,
2556,,,,,,
2557,,,,,|2550_2557_4_1004_,
2558,,,,,,
2559,,,,,,
2560,,,,,,
2561,,,,,,
2562,,,,,,
2563,,,,,,
2564,,,,,,
2565,,,,,,
2566,,,,,,
2567,,,,,,
2568,,,,,,
2569,,|2569_2569_1_1006_,,,,
2570,,,,,,
2571,,,,,,
2572,,,,,,
2573,,,,,,
2574,,,,,,
2575,,,,,,
2576,,,,,,
2577,,,,,,
2578,,,,,,
2579,,,,,,
2580,,,,,,
2581,,,,,,
2582,,|2582_2582_1_1008_,,,,
2583,,,,,,
2584,,,,,,
2585,,,,,,
2586,,,,,,
2587,,,,,,
2588,,,,,,
2589,,,,,,
2590,,,,,|2568_2590_4_1005_,
2591,,,,,,
2592,,,,,,
2593,,,,,|2574_2593_4_1007_,
2594,,,,,,
2595,,,,,,
2596,,,,,,
2597,,|2597_2597_1_1011_,,,,
2598,,,,,,
2599,,,,,,
2600,,,,,,
2601,,,,,,
2602,,,,,,
2603,,,,,,
2604,,,,,|2604_2604_4_1013_,
2605,,,,,,
2606,,,,,,
2607,,,,,,
2608,,,,,,
2609,,,,,,
2610,,,,,,
2611,,,,,,
2612,,,,,,
2613,,,,,,
2614,|2614_2614_0_1015_,,,,,
2615,,,,,,
2616,,,,,,
2617,,,,,,
2618,,,,,,
2619,,,,,,
2620,,,,,,
2621,,,,,,
2622,,,,,,
2623,,,,,,
2624,,,,,,
2625,,|2625_2625_1_1016_,,,,
2626,,,,,,
2627,,,,,,
2628,,,,,|2595_2628_4_1010_,
2629,,,,,,
2630,,,,,,
2631,,,,,,
2632,,,,,,
2633,,,,,,
2634,,,,,,
2635,,,,,,
2636,,,,,,
2637,,,,,|2591_2637_4_1009_,
2638,,,,,,
2639,,,,,,
2640,,,,,,
2641,,,,,,
2642,,,,,,
2643,,,,,|2599_2643_4_1012_,
2644,,,,,,
2645,,|2608_2645_1_1014_,,,,
2646,,,,,,
2647,,,,,,
2648,|2648_2648_0_1021_,|2646_2648_1_1020_,,,,
2649,,|2649_2649_1_1022_,,,|2630_2649_4_1017_,
2650,,,,,,
2651,,,,,,
2652,,,,,,
2653,,,,,,
2654,,,,,,
2655,,,,,,
2656,,,,,,
2657,,,,,,
2658,,,,,,
2659,,,,,,
2660,,,,,,
2661,,,,,,
2662,,,,,,
2663,,,,,,
2664,,,,,,
2665,,,,,,
2666,,,,,,
2667,,,,,,
2668,,,,,,
2669,,,,,,
2670,,,,,,
2671,,,,,,
2672,,,,,|2633_2672_4_1018_,
2673,,,,,,
2674,,,,,,
2675,,,,,,
2676,,,,,,
2677,,,,,,
2678,|2678_2678_0_1024_,,,,,
2679,,,,,,
2680,,,,,,
2681,,,,,,
2682,|2682_2682_0_1027_,,,,,
2683,,,,,,
2684,,,,,,
2685,,,,,,
2686,,,,,,
2687,,,,,,
2688,,,,,,
2689,,,,,,
2690,,,,,,
2691,,,,,,
2692,,,,,,
2693,,,,,,
2694,,,,,,
2695,,,,,,
2696,,,,,|2637_2696_4_1019_,
2697,,|2697_2697_1_1030_,,,,
2698,,,,,,
2699,,,,,,
2700,,,,,|2699_2700_4_1031_,
2701,,,,,,
2702,,,,,,
2703,,,,,,
2704,,,,,,
2705,,,,,,
2706,,,,,,
2707,,,,,,
2708,,,,,,
2709,,,,,,
2710,,,,,,
2711,,,,,,
2712,,,,,,
2713,,,,,|2692_2713_4_1029_,
2714,,,,,,
2715,,,,,,
2716,,,,,,
2717,,,,,,
2718,,,,,|2658_2718_4_1023_,
2719,,,,,,
2720,,,,,,
2721,,,,,,
2722,,,,,,
2723,,,,,,
2724,,,,,,
2725,,,,,,
2726,,,,,,
2727,,,,,,
2728,,,,,,
2729,,,,,|2679_2729_4_1025_,
2730,,,,,|2680_2730_4_1026_|2725_2730_4_1032_,
2731,,,,,,
2732,,,,,,
2733,,,,,,
2734,,,,,,
2735,,,,,,
2736,,,,,,
2737,|2737_2737_0_1033_,,,,,
2738,,,,,,
2739,,|2739_2739_1_1034_,,,,
2740,,,,,,
2741,,,,,,
2742,,,,,,
2743,,,,,,
2744,,,,,|2690_2744_4_1028_,
2745,,,,,,
2746,,,,,,
2747,,,,,,
2748,,,,,,
2749,,,,,,
2750,,,,,,
2751,,,,,,
2752,,,,,,
2753,,,,,,
2754,,,,,,
2755,,,,,,
2756,,,,,,
2757,,,,,,
2758,,,,,,
2759,,|2759_2759_1_1036_,,,,
2760,,,,,,
2761,,,,,,
2762,,,,,,
2763,,,,,,
2764,,,,,,
2765,,,,,,
2766,,|2766_2766_1_1039_,,,,
2767,,,,,,
2768,,,,,,
2769,,,,,,
2770,,,,,,
2771,,,,,|2764_2771_4_1038_,
2772,,,,,,
2773,,,,,,
2774,,,,,,
2775,,,,,,
2776,,,,,,
2777,,,,,,
2778,,,,,,
2779,,,,,,
2780,,,,,,
2781,,,,,,
2782,,,,,,
2783,,,,,,
2784,,,,,,
2785,,,,,,
2786,|2786_2786_0_1045_,,,,,
2787,,,,,,
2788,,,,,,
2789,,,,,|2780_2789_4_1043_,
2790,,,,,,
2791,,,,,,
2792,,,,,,
2793,,,,,,
2794,,,,,,
2795,,,,,,
2796,,,,,,
2797,,,,,,
2798,,,,,,
2799,,,,,,
2800,,,,,,
2801,,,,,,
2802,,,,,,
2803,,,,,,
2804,,,,,,
2805,,,,,,
2806,,,,,,
2807,,,,,,
2808,,,,,|2751_2808_4_1035_,
2809,,,,,,
2810,,,,,,
2811,,,,,,
2812,,,,,,
2813,,,,,,
2814,,,,,|2801_2814_4_1048_,
2815,,,,,,
2816,,,,,,
2817,,,,,|2774_2817_4_1040_,
2818,,,,,|2778_2818_4_1042_,
2819,,,,,,
2820,,,,,|2760_2820_4_1037_,
2821,,,,,,
2822,,,,,,
2823,,,,,,
2824,,,,,,
2825,,,,,,
2826,,,,,,
2827,,,,,|2787_2827_4_1046_,
2828,,,,,,
2829,,,,,,
2830,,,,,,
2831,,,,,,
2832,,,,,|2828_2832_4_1049_,
2833,,,,,,
2834,,,,,,
2835,,,,,|2776_2835_4_1041_,
2836,,,,,,
2837,,,,,,
2838,,,,,,
2839,,,,,|2789_2839_4_1047_,
2840,,,,,,
2841,,,,,,
2842,,,,,|2782_2842_4_1044_,
2843,,,,,,
2844,,,,,,
2845,,,,,,
2846,,,,,,
2847,,,,,,
2848,,,,,,
2849,,,,,,
2850,,,,,,
2851,,,,,,
2852,,,,,,
2853,,,,,,
2854,|2854_2854_0_1054_,,,,,
2855,,,,,,
2856,,,,,,
2857,,,,,,
2858,,,,,,
2859,,,,,,
2860,,,,,,
2861,,,,,,
2862,,,,,,
2863,,,,,,
2864,,,,,,
2865,,,,,,
2866,,,,,,
2867,|2867_2867_0_1059_,,,,,
2868,,,,,,
2869,,,,,,
2870,,,,,,
2871,,,,,,
2872,,,,,,
2873,,,,,,
2874,,,,,,
2875,,,,,,
2876,,,,,,
2877,,,,,,
2878,,,,,|2834_2878_4_1050_,
2879,,,,,,
2880,,,,,,
2881,,,,,,
2882,,,,,,
2883,,,,,,
2884,,,,,,
2885,,,,,,
2886,,,,,,
2887,,,,,,
2888,,,,,,
2889,,,,,,
2890,,,,,,
2891,,,,,,
2892,,,,,,
2893,,,,,,
2894,,,,,,
2895,,,,,,
2896,,,,,,
2897,,,,,,
2898,,,,,|2839_2898_4_1051_,
2899,,,,,,
2900,,,,,,
2901,,,,,,
2902,,,,,,
2903,,,,,,
2904,,|2904_2904_1_1067_,,,|2851_2904_4_1053_,
2905,,,,,,
2906,,,,,,
2907,,,,,|2847_2907_4_1052_,
2908,,,,,,
2909,,,,,,
2910,,,,,,
2911,,,,,,
2912,,,,,,
2913,,,,,,
2914,,,,,,
2915,,,,,,
2916,,,,,|2856_2916_4_1055_|2865_2916_4_1058_,
2917,,,,,,
2918,,|2918_2918_1_1070_,,,,
2919,,,,,,
2920,,,,,,
2921,,,,,,
2922,,,,,|2862_2922_4_1056_,
2923,,,,,,
2924,,,,,|2864_2924_4_1057_,
2925,,,,,,
2926,,,,,,
2927,,,,,,
2928,,,,,,
2929,,,,,,
2930,,|2930_2930_1_1071_,,,|2871_2930_4_1060_,
2931,,,,,,
2932,,,,,,
2933,,,,,,
2934,,,,,,
2935,,,,,,
2936,,,,,|2878_2936_4_1061_,
2937,,,,,,
2938,,,,,,
2939,,,,,,
2940,,,,,,
2941,,,,,,
2942,,,,,|2882_2942_4_1062_,
2943,,,,,,
2944,,,,,|2884_2944_4_1063_,
2945,,,,,|2885_2945_4_1064_,
2946,,,,,,
2947,,,,,|2887_2947_4_1065_,
2948,,,,,,
2949,,,,,,
2950,,|2950_2950_1_1076_,,,,
2951,,,,,,
2952,,,,,|2892_2952_4_1066_,
2953,,,,,,
2954,,,,,,
2955,,,,,,
2956,,,,,|2908_2956_4_1068_,
2957,,,,,,
2958,,,,,,
2959,,,,,,
2960,,,,,,
2961,,,,,,
2962,,,,,,
2963,,,,,,
2964,,,,,,
2965,,,,,,
2966,,,,,,
2967,,,,,,
2968,,,,,,
2969,,,,,,
2970,,,,,,
2971,,,,,,
2972,,|2972_2972_1_1079_,,,|2912_2972_4_1069_,
2973,,,,,,
2974,,,,,,
2975,,,,,,
2976,,,,,,
2977,,,,,,
2978,,,,,,
2979,,,,,,
2980,,|2980_2980_1_1082_,,,,
2981,,,,,,
2982,,,,,,
2983,,,,,,
2984,,,,,,
2985,,,,,,
2986,,,,,,
2987,,,,,,
2988,,,,,,
2989,,,,,,
2990,,,,,,
2991,,,,,,
2992,,,,,|2932_2992_4_1072_,
2993,,,,,|2933_2993_4_1073_,
2994,,,,,,
2995,,,,,,
2996,,,,,|2936_2996_4_1074_,
2997,,,,,,
2998,,,,,,
2999,,,,,,
3000,,,,,,
3001,,,,,,
3002,,,,,,
3003,,,,,,
3004,,,,,,
3005,,,,,,
3006,,,,,,
3007,,,,,|2947_3007_4_1075_,
3008,,,,,,
3009,,|3009_3009_1_1087_,,,,
3010,,,,,,
3011,,,,,,
3012,,,,,,
3013,,,,,,
3014,,,,,,
3015,,,,,,
3016,,,,,,
3017,,,,,,
3018,,,,,,
3019,,,,,,
3020,,,,,|2960_3020_4_1077_,
3021,,,,,,
3022,,,,,,
3023,,,,,,
3024,,,,,,
3025,,,,,,
3026,,,,,,
3027,,,,,,
3028,,,,,,
3029,,|3029_3029_1_1093_,,,,
3030,,,,,,
3031,,,,,|2971_3031_4_1078_,
3032,,,,,,
3033,,,,,|2973_3033_4_1080_|3008_3033_4_1086_,
3034,,,,,,
3035,,,,,,
3036,,,,,,
3037,,|3037_3037_1_1096_,,,,
3038,,,,,,
3039,,,,,|2979_3039_4_1081_,
3040,,,,,,
3041,,,,,,
3042,,,,,,
3043,,,,,,
3044,,,,,|2984_3044_4_1083_,
3045,,,,,,
3046,,,,,,
3047,,,,,,
3048,,,,,,
3049,,,,,|2995_3049_4_1084_,
3050,,,,,,
3051,,,,,,
3052,,,,,|3036_3052_4_1095_,
3053,,,,,,
3054,,,,,|3012_3054_4_1088_,
3055,,,,,,
3056,,,,,|3017_3056_4_1090_,
3057,,,,,,
3058,,,,,,
3059,,,,,|3013_3059_4_1089_,
3060,,,,,|3000_3060_4_1085_,
3061,,,,,,
3062,,,,,,
3063,,,,,|3034_3063_4_1094_,
3064,,,,,,
3065,,,,,,
3066,,,,,,
3067,,,,,,
3068,,,,,,
3069,,,,,,
3070,,,,,,
3071,,,,,,
3072,,,,,,
3073,,,,,,
3074,,,,,,
3075,,,,,,
3076,,,,,,
3077,,,,,,
3078,,|3078_3078_1_1100_,,,,
3079,,,,,,
3080,,,,,|3023_3080_4_1091_,
3081,,,,,,
3082,,,,,,
3083,,,,,,
3084,,,,,|3026_3084_4_1092_,
3085,,,,,,
3086,,,,,,
3087,,,,,,
3088,,,,,,
3089,,,,,,
3090,,,,,,
3091,,,,,,
3092,,|3092_3092_1_1104_,,,,
3093,,,,,,
3094,,,,,,
3095,,,,,,
3096,,,,,,
3097,,,,,,
3098,,,,,,
3099,,,,,,
3100,,,,,|3048_3100_4_1098_,
3101,,,,,,
3102,,,,,,
3103,,,,,,
3104,,,,,|3045_3104_4_1097_,
3105,,,,,,
3106,,,,,,
3107,,,,,,
3108,,,,,,
3109,,,,,,
3110,,,,,,
3111,,,,,,
3112,,,,,|3112_3112_4_1105_,
3113,,,,,,
3114,,,,,,
3115,,,,,|3056_3115_4_1099_,
3116,,,,,,
3117,,,,,,
3118,,,,,,
3119,,,,,,
3120,,,,,,
3121,,,,,,
3122,,,,,|3085_3122_4_1102_,
3123,,,,,,
3124,,,,,,
3125,,,,,|3123_3125_4_1108_,
3126,,,,,,
3127,,,,,|3089_3127_4_1103_,
3128,,,,,,
3129,,,,,,
3130,,,,,,
3131,,|3131_3131_1_1109_,,,,
3132,,,,,,
3133,,,,,,
3134,,,,,,
3135,,,,,,
3136,,,,,,
3137,,,,,,
3138,,,,,,
3139,,,,,,
3140,,,,,|3083_3140_4_1101_,
3141,,,,,,
3142,,,,,,
3143,,,,,,
3144,,,,,,
3145,,,,,,
3146,,,,,,
3147,,,,,,
3148,,,,,,
3149,,,,,|3114_3149_4_1107_,
3150,,,,,,
3151,,,,,,
3152,,,,,,
3153,,,,,,
3154,,,,,,
3155,,,,,,
3156,,,,,,
3157,,,,,,
3158,,,,,,
3159,,,,,,
3160,,,,,,
3161,,,,,|3113_3161_4_1106_,
3162,,,,,,
3163,,,,,,
3164,,|3164_3164_1_1112_,,,,
3165,,,,,,
3166,,,,,,
3167,,,,,,
3168,,,,,,
3169,,,,,,
3170,,,,,,
3171,,,,,,
3172,,,,,,
3173,,,,,,
3174,,,,,,
3175,,,,,,
3176,,,,,|3169_3176_4_1113_,
3177,,,,,,
3178,,,,,,
3179,,,,,,
3180,,,,,,
3181,,,,,,
3182,,,,,,
3183,,,,,,
3184,,,,,,
3185,,,,,|3140_3185_4_1111_,
3186,,,,,,
3187,,,,,,
3188,,,,,,
3189,,,,,,
3190,,,,,|3134_3190_4_1110_,
3191,,,,,|3191_3191_4_1116_,
3192,,,,,,
3193,,,,,,
3194,,,,,,
3195,,,,,,
3196,,,,,,
3197,,,,,,
3198,,,,,,
3199,,,,,,
3200,,,,,,
3201,,,,,,
3202,,,,,,
3203,,,,,,
3204,,,,,,
3205,,,,,,
3206,,,,,|3173_3206_4_1114_,
3207,,,,,,
3208,,,,,,
3209,,,,,,
3210,,,,,|3196_3210_4_1117_,
3211,,,,,,
3212,,,,,,
3213,,,,,,
3214,,,,,,
3215,,,,,,
3216,,,,,,
3217,,,,,,
3218,,,,,,
3219,,,,,|3176_3219_4_1115_,
3220,,,,,,
3221,,,,,,
3222,,,,,,
3223,,,,,,
3224,,,,,,
3225,,,,,,
3226,,,,,,
3227,,|3225_3227_1_1118_,,,,
3228,,,,,,
3229,,,,,,
3230,,,,,,
3231,,,,,,
3232,,,,,,
3233,,,,,,
3234,,,,,,
3235,,,,,,
3236,,,,,,
3237,,,,,,
3238,,,,,,
3239,,,,,,
3240,,,,,,
3241,,,,,,
3242,,,,,,
3243,,,,,,
3244,,,,,,
3245,,,,,,
3246,,,,,,
3247,,,,,,
3248,,,,,,
3249,,,,,,
3250,,,,,,
3251,,,,,,
3252,,,,,,
3253,,,,,,
3254,,,,,,
3255,,,,,,
3256,,,,,,
3257,,,,,,
3258,|3258_3258_0_1122_,,,,,
3259,,,,,,
3260,,,,,,
3261,,,,,,
3262,,,,,,
3263,,,,,|3232_3263_4_1119_,
3264,,,,,,
3265,,,,,,
3266,,,,,,
3267,,,,,,
3268,,,,,,
3269,,,,,,
3270,,,,,,
3271,,,,,,
3272,,,,,,
3273,,,,,,
3274,,,,,,
3275,,,,,|3271_3275_4_1125_,
3276,,,,,,
3277,,,,,,
3278,,,,,,
3279,,,,,,
3280,,|3266_3280_1_1124_,,,|3263_3280_4_1123_,
3281,,,,,,
3282,,,,,,
3283,,,,,,
3284,,,,,,
3285,,,,,,
3286,,,,,|3241_3286_4_1120_,
3287,,,,,,
3288,,,,,|3254_3288_4_1121_,
3289,,,,,,
3290,,,,,|3284_3290_4_1128_,
3291,,,,,,
3292,,,,,,
3293,,,,,,
3294,,,,,,
3295,,,,,,
3296,,,,,,
3297,,,,,,
3298,,,,,,
3299,,,,,,
3300,,,,,|3293_3300_4_1132_,
3301,,,,,,
3302,,,,,,
3303,,,,,|3288_3303_4_1130_,
3304,,,,,,
3305,,,,,,
3306,,,,,|3278_3306_4_1126_,
3307,,,,,,
3308,,,,,,
3309,,,,,,
3310,,,,,,
3311,,,,,,
3312,,,,,,
3313,|3313_3313_0_1137_,,,,|3304_3313_4_1134_,
3314,,,,,,
3315,,,,,,
3316,,,,,,
3317,,,,,|3296_3317_4_1133_,
3318,,|3312_3318_1_1136_,,,,
3319,,,,,,
3320,,,,,,
3321,,,,,,
3322,,,,,,
3323,,,,,,
3324,,,,,,
3325,,,,,,
3326,,,,,,
3327,,,,,,
3328,,,,,|3281_3328_4_1127_,
3329,,,,,,
3330,,,,,,
3331,,,,,,
3332,,,,,,
3333,,,,,,
3334,|3334_3334_0_1139_,,,,|3290_3334_4_1131_,
3335,,,,,,
3336,,,,,,
3337,,,,,,
3338,,,,,|3319_3338_4_1138_,
3339,,,,,,
3340,,,,,,
3341,,,,,,
3342,,,,,,
3343,,,,,,
3344,,,,,|3285_3344_4_1129_,
3345,,,,,,
3346,,,,,,
3347,,,,,,
3348,,,,,,
3349,,,,,,
3350,,,,,,
3351,,,,,,
3352,,,,,|3306_3352_4_1135_,
3353,,,,,,
3354,,,,,,
3355,,,,,,
3356,,,,,,
3357,,,,,,
3358,,,,,,
3359,,,,,,
3360,,,,,,
3361,,,,,,
3362,,,,,,
3363,,,,,,
3364,,,,,,
3365,,,,,,
3366,,,,,,
3367,,,,,,
3368,,,,,,
3369,,,,,,
3370,,,,,,
3371,,,,,,
3372,,,,,,
3373,,,,,,
3374,,,,,,
3375,,,,,,
3376,,,,,,
3377,,,,,|3338_3377_4_1140_,
3378,,,,,,
3379,,,,,,
3380,,,,,,
3381,,,,,,
3382,,,,,,
3383,,,,,,
3384,,,,,,
3385,,,,,,
3386,,,,,,
3387,,,,,,
3388,,,,,,
3389,,,,,,
3390,,,,,,
3391,,,,,,
3392,,,,,|3368_3392_4_1143_,
3393,,,,,,
3394,,,,,,
3395,,,,,,
3396,,,,,,
3397,,,,,|3353_3397_4_1141_,
3398,,,,,,
3399,,,,,,
3400,,,,,,
3401,,,,,,
3402,,,,,,
3403,,,,,,
3404,,,,,,
3405,,,,,,
3406,,,,,,
3407,,,,,,
3408,,,,,|3375_3408_4_1145_,
3409,,,,,,
3410,,,,,,
3411,,,,,,
3412,,,,,,
3413,,,,,,
3414,,,,,|3372_3414_4_1144_,
3415,,,,,,
3416,,,,,,
3417,,,,,,
3418,|3418_3418_0_1150_,,,,,
3419,,,,,,
3420,,,,,|3363_3420_4_1142_,
3421,,,,,,
3422,,,,,,
3423,,,,,,
3424,,,,,,
3425,,,,,,
3426,,,,,,
3427,,,,,,
3428,,,,,,
3429,,,,,,
3430,,,,,,
3431,,,,,,
3432,,,,,,
3433,,,,,,
3434,,,,,,
3435,,,,,,
3436,,,,,,
3437,,,,,,
3438,,,,,,
3439,,,,,,
3440,,,,,,
3441,|3441_3441_0_1152_,|3406_3441_1_1147_,,,|3389_3441_4_1146_,
3442,,,,,,
3443,,,,,|3421_3443_4_1151_,
3444,,,,,,
3445,,,,,,
3446,,,,,,
3447,,,,,,
3448,,,,,,
3449,,,,,,
3450,,,,,|3409_3450_4_1148_,
3451,,,,,,
3452,,,,,,
3453,,,,,,
3454,,,,,,
3455,,,,,,
3456,,,,,,
3457,,,,,,
3458,,,,,,
3459,,,,,|3413_3459_4_1149_,
3460,,,,,,
3461,,,,,,
3462,,,,,,
3463,,,,,,
3464,,,,,,
3465,,,,,,
3466,,,,,,
3467,,,,,,
3468,,,,,,
3469,,,,,,
3470,,,,,,
3471,,,,,,
3472,,,,,,
3473,,,,,,
3474,,,,,,
3475,,,,,,
3476,,,,,,
3477,,,,,,
3478,,,,,,
3479,,,,,,
3480,,,,,,
3481,,,,,|3453_3481_4_1155_,
3482,|3482_3482_0_1160_,,,,,
3483,,,,,,
3484,,,,,,
3485,,,,,,
3486,,,,,,
3487,,,,,,
3488,,,,,|3462_3488_4_1156_,
3489,,,,,,
3490,,,,,,
3491,,,,,|3445_3491_4_1153_,
3492,,,,,,
3493,,,,,,
3494,,,,,,
3495,,,,,,
3496,,,,,,
3497,,,,,,
3498,,,,,,
3499,,,,,,
3500,,,,,,
3501,,,,,,
3502,,,,,,
3503,,,,,,
3504,,,,,,
3505,,,,,,
3506,,,,,,
3507,,,,,,
3508,,,,,,
3509,,,,,|3472_3509_4_1158_,
3510,,,,,,
3511,,,,,|3452_3511_4_1154_,
3512,,,,,,
3513,,,,,,
3514,,,,,|3473_3514_4_1159_,
3515,,,,,|3466_3515_4_1157_,
3516,,,,,,
3517,,,,,,
3518,,,,,,
3519,,,,,,
3520,,,,,,
3521,,,,,,
3522,,,,,,
3523,,,,,,
3524,,,,,,
3525,,,,,,
3526,,,,,,
3527,|3527_3527_0_1167_,,,,,
3528,,,,,,
3529,,,,,,
3530,,,,,,
3531,,,,,,
3532,,,,,,
3533,,,,,,
3534,,,,,,
3535,,,,,,
3536,,,,,,
3537,,,,,|3484_3537_4_1161_,
3538,,,,,,
3539,,,,,,
3540,,,,,|3522_3540_4_1166_,
3541,,,,,,
3542,,,,,|3486_3542_4_1162_,
3543,,,,,,
3544,,,,,,
3545,,,,,,
3546,,,,,,
3547,,,,,,
3548,,,,,,
3549,,,,,|3492_3549_4_1163_,
3550,,,,,,
3551,,,,,|3506_3551_4_1164_,
3552,,,,,,
3553,,,,,,
3554,,,,,,
3555,,,,,,
3556,,,,,,
3557,,,,,,
3558,,,,,,
3559,,,,,,
3560,,,,,,
3561,,,,,,
3562,,,,,,
3563,,,,,,
3564,,,,,,
3565,,,,,,
3566,,,,,,
3567,,,,,,
3568,,,,,,
3569,,,,,,
3570,,,,,|3510_3570_4_1165_,
3571,,,,,,
3572,,,,,,
3573,,,,,,
3574,,,,,,
3575,,,,,,
3576,,,,,,
3577,,,,,,
3578,,,,,,
3579,|3579_3579_0_1177_,,,,,
3580,,,,,,
3581,,,,,,
3582,,,,,,
3583,,,,,,
3584,,,,,,
3585,,,,,,
3586,,,,,,
3587,,,,,,
3588,,,,,,
3589,,,,,,
3590,,,,,,
3591,,,,,,
3592,,,,,,
3593,,,,,,
3594,,,,,|3541_3594_4_1168_,
3595,,,,,,
3596,,,,,,
3597,,,,,,
3598,,,,,,
3599,,,,,,
3600,,,,,,
3601,,,,,,
3602,,,,,,
3603,,,,,,
3604,,,,,|3547_3604_4_1169_,
3605,,,,,,
3606,,,,,,
3607,,,,,,
3608,,,,,,
3609,,,,,|3559_3609_4_1172_,
3610,,,,,,
3611,,,,,|3567_3611_4_1174_,
3612,,,,,|3552_3612_4_1170_|3556_3612_4_1171_,
3613,,,,,,
3614,,,,,,
3615,,,,,,
3616,,,,,,
3617,,,,,,
3618,,,,,,
3619,,,,,|3568_3619_4_1175_,
3620,,,,,,
3621,,,,,,
3622,,,,,|3564_3622_4_1173_,
3623,,,,,,
3624,,,,,,
3625,,,,,,
3626,,,,,,
3627,,,,,,
3628,,,,,,
3629,,,,,,
3630,,,,,|3576_3630_4_1176_,
3631,,,,,,
3632,,,,,,
3633,,,,,,
3634,,,,,,
3635,,,,,,
3636,,,,,,
3637,,,,,,
3638,,,,,,
3639,,,,,,
3640,,,,,,
3641,,,,,,
3642,,,,,,
3643,,,,,,
3644,,,,,,
3645,,,,,|3586_3645_4_1178_,
3646,,,,,,
3647,,,,,,
3648,,,,,,
3649,,,,,|3589_3649_4_1179_,
3650,,,,,|3592_3650_4_1180_,
3651,,,,,,
3652,,,,,,
3653,,,,,|3593_3653_4_1181_,
3654,,,,,,
3655,,,,,,
3656,,,,,,
3657,,,,,,
3658,,,,,,
3659,,,,,,
